prioridade,cve,upstream,instancia,origem,lang,funcao_alvo,verdito_embeddings,verdito_ast2a,url_gabarito_fix,url_arquivo_fork,veredito_humano,observacao,veredito_ia
DISPUTADO,CVE-2022-39252,matrix-org/matrix-rust-sdk,SchildiChat/matrix-rust-sdk,fork_pre,rust,receive_supported_keys,CORRIGIDO,CORRIGIDO,https://github.com/matrix-org/matrix-rust-sdk/commit/093fb5d0aa21c0b5eaea6ec96b477f1075271cbb | https://github.com/matrix-org/matrix-rust-sdk/commit/41449d2cc360e347f5d4e1c154ec1e3185f11acd,https://github.com/SchildiChat/matrix-rust-sdk/commits/HEAD/crates/matrix-sdk-crypto/src/gossiping/machine.rs,CORRIGIDO,auto(bloco-2B) score=0.233 [sim_pos=1.00 sim_pre=0.77],CORRIGIDO
DISPUTADO,CVE-2022-39252,matrix-org/matrix-rust-sdk,matrix-construct/matrix-rust-sdk,fork_pre,rust,receive_supported_keys,CORRIGIDO,CORRIGIDO,https://github.com/matrix-org/matrix-rust-sdk/commit/093fb5d0aa21c0b5eaea6ec96b477f1075271cbb | https://github.com/matrix-org/matrix-rust-sdk/commit/41449d2cc360e347f5d4e1c154ec1e3185f11acd,https://github.com/matrix-construct/matrix-rust-sdk/commits/HEAD/crates/matrix-sdk-crypto/src/gossiping/machine.rs,CORRIGIDO,auto(bloco-2B) score=0.233 [sim_pos=1.00 sim_pre=0.77],CORRIGIDO
DISPUTADO,CVE-2022-39252,matrix-org/matrix-rust-sdk,matrix-org/matrix-rust-sdk @pre-fix,upstream_pre,rust,receive_supported_keys,CORRIGIDO,VULNERAVEL,https://github.com/matrix-org/matrix-rust-sdk/commit/093fb5d0aa21c0b5eaea6ec96b477f1075271cbb | https://github.com/matrix-org/matrix-rust-sdk/commit/41449d2cc360e347f5d4e1c154ec1e3185f11acd,https://github.com/matrix-org/matrix-rust-sdk/blob/093fb5d0aa21c0b5eaea6ec96b477f1075271cbb~1/crates/matrix-sdk-crypto/src/gossiping/machine.rs,VULNERAVEL,auto(bloco-2B) score=-0.72 [pré-fix (def. vulneravel); sanity sim_pos=0.28 sim_pre=1.00],VULNERAVEL
DISPUTADO,CVE-2022-39252,matrix-org/matrix-rust-sdk,verji/matrix-rust-sdk,fork_pre,rust,receive_supported_keys,CORRIGIDO,CORRIGIDO,https://github.com/matrix-org/matrix-rust-sdk/commit/093fb5d0aa21c0b5eaea6ec96b477f1075271cbb | https://github.com/matrix-org/matrix-rust-sdk/commit/41449d2cc360e347f5d4e1c154ec1e3185f11acd,https://github.com/verji/matrix-rust-sdk/commits/HEAD/crates/matrix-sdk-crypto/src/gossiping/machine.rs,CORRIGIDO,auto(bloco-2B) score=0.233 [sim_pos=1.00 sim_pre=0.77],CORRIGIDO
DISPUTADO,CVE-2023-38690,matrix-org/matrix-appservice-irc,jamesjen/matrix-appservice-irc,fork_pre,typescript,assertConnected,CORRIGIDO,CORRIGIDO,https://github.com/matrix-org/matrix-appservice-irc/commit/0afb064635d37e039067b5b3d6423448b93026d3,https://github.com/jamesjen/matrix-appservice-irc/commits/HEAD/src/irc/BridgedClient.ts,,auto(bloco-2B) score=0.026 [sim_pos=1.00 sim_pre=0.97 (empate)],
DISPUTADO,CVE-2023-38690,matrix-org/matrix-appservice-irc,matrix-org/matrix-appservice-irc @pre-fix,upstream_pre,typescript,assertConnected,VULNERAVEL,CORRIGIDO,https://github.com/matrix-org/matrix-appservice-irc/commit/0afb064635d37e039067b5b3d6423448b93026d3,https://github.com/matrix-org/matrix-appservice-irc/blob/0afb064635d37e039067b5b3d6423448b93026d3~1/src/irc/BridgedClient.ts,VULNERAVEL,auto(bloco-2B) score=-0.026 [pré-fix (def. vulneravel); sanity sim_pos=0.97 sim_pre=1.00 (empate)],VULNERAVEL
DISPUTADO,CVE-2023-38690,matrix-org/matrix-appservice-irc,oI0ck/matrix-appservice-irc,fork_pre,typescript,assertConnected,CORRIGIDO,CORRIGIDO,https://github.com/matrix-org/matrix-appservice-irc/commit/0afb064635d37e039067b5b3d6423448b93026d3,https://github.com/oI0ck/matrix-appservice-irc/commits/HEAD/src/irc/BridgedClient.ts,,auto(bloco-2B) score=0.026 [sim_pos=1.00 sim_pre=0.97 (empate)],
DISPUTADO,CVE-2023-38700,matrix-org/matrix-appservice-irc,jamesjen/matrix-appservice-irc,fork_pre,typescript,sendIrcAction,CORRIGIDO,CORRIGIDO,https://github.com/matrix-org/matrix-appservice-irc/commit/8bbd2b69a16cbcbeffdd9b5c973fd89d61498d75,https://github.com/jamesjen/matrix-appservice-irc/commits/HEAD/src/bridge/MatrixHandler.ts,CORRIGIDO,auto(bloco-2B) score=0.298 [sim_pos=1.00 sim_pre=0.70],CORRIGIDO
DISPUTADO,CVE-2023-38700,matrix-org/matrix-appservice-irc,matrix-org/matrix-appservice-irc @pre-fix,upstream_pre,typescript,sendIrcAction,CORRIGIDO,CORRIGIDO,https://github.com/matrix-org/matrix-appservice-irc/commit/8bbd2b69a16cbcbeffdd9b5c973fd89d61498d75,https://github.com/matrix-org/matrix-appservice-irc/blob/8bbd2b69a16cbcbeffdd9b5c973fd89d61498d75~1/src/bridge/MatrixHandler.ts,VULNERAVEL,auto(bloco-2B) score=-0.375 [pré-fix (def. vulneravel); sanity sim_pos=0.63 sim_pre=1.00],VULNERAVEL
DISPUTADO,CVE-2023-38700,matrix-org/matrix-appservice-irc,oI0ck/matrix-appservice-irc,fork_pre,typescript,sendIrcAction,CORRIGIDO,CORRIGIDO,https://github.com/matrix-org/matrix-appservice-irc/commit/8bbd2b69a16cbcbeffdd9b5c973fd89d61498d75,https://github.com/oI0ck/matrix-appservice-irc/commits/HEAD/src/bridge/MatrixHandler.ts,CORRIGIDO,auto(bloco-2B) score=0.298 [sim_pos=1.00 sim_pre=0.70],CORRIGIDO
DISPUTADO,CVE-2023-43656,matrix-org/matrix-hookshot,Rath-debug/matrix-hookshot,fork_pre,typescript,executeTransformationFunction,CORRIGIDO,CORRIGIDO,https://github.com/matrix-org/matrix-hookshot/commit/dc126afa6af86d66aefcd23a825326f405bcc894,https://github.com/Rath-debug/matrix-hookshot/commits/HEAD/src/Connections/GenericHook.ts,CORRIGIDO,auto(bloco-2B) score=0.716 [sim_pos=1.00 sim_pre=0.28],CORRIGIDO
DISPUTADO,CVE-2023-43656,matrix-org/matrix-hookshot,maladesov/matrix-hookshot,fork_pre,typescript,executeTransformationFunction,CORRIGIDO,CORRIGIDO,https://github.com/matrix-org/matrix-hookshot/commit/dc126afa6af86d66aefcd23a825326f405bcc894,https://github.com/maladesov/matrix-hookshot/commits/HEAD/src/Connections/GenericHook.ts,CORRIGIDO,auto(bloco-2B) score=0.716 [sim_pos=1.00 sim_pre=0.28],CORRIGIDO
DISPUTADO,CVE-2023-43656,matrix-org/matrix-hookshot,yncyrydybyl/matrix-hookshot,fork_pre,typescript,executeTransformationFunction,CORRIGIDO,CORRIGIDO,https://github.com/matrix-org/matrix-hookshot/commit/dc126afa6af86d66aefcd23a825326f405bcc894,https://github.com/yncyrydybyl/matrix-hookshot/commits/HEAD/src/Connections/GenericHook.ts,CORRIGIDO,auto(bloco-2B) score=0.716 [sim_pos=1.00 sim_pre=0.28],CORRIGIDO
DISPUTADO,CVE-2024-26132,element-hq/element-android,H1d3r/element-android,fork_pre,kotlin,createTemporaryMediaFile,CORRIGIDO,CORRIGIDO,https://github.com/element-hq/element-android/commit/8f9695a9a8d944cb9b92568cbd76578c51d32e07,https://github.com/H1d3r/element-android/commits/HEAD/library/multipicker/src/main/java/im/vector/lib/multipicker/utils/MediaFileUtils.kt,,auto(bloco-2B) score=0.022 [sim_pos=1.00 sim_pre=0.98 (empate)],
DISPUTADO,CVE-2024-26132,element-hq/element-android,SchildiChat/SchildiChat-android,fork_pre,kotlin,createTemporaryMediaFile,CORRIGIDO,CORRIGIDO,https://github.com/element-hq/element-android/commit/8f9695a9a8d944cb9b92568cbd76578c51d32e07,https://github.com/SchildiChat/SchildiChat-android/commits/HEAD/library/multipicker/src/main/java/im/vector/lib/multipicker/utils/MediaFileUtils.kt,,auto(bloco-2B) score=0.022 [sim_pos=1.00 sim_pre=0.98 (empate)],
DISPUTADO,CVE-2024-26132,element-hq/element-android,bincnc/element-android,fork_pre,kotlin,createTemporaryMediaFile,CORRIGIDO,CORRIGIDO,https://github.com/element-hq/element-android/commit/8f9695a9a8d944cb9b92568cbd76578c51d32e07,https://github.com/bincnc/element-android/commits/HEAD/library/multipicker/src/main/java/im/vector/lib/multipicker/utils/MediaFileUtils.kt,,auto(bloco-2B) score=0.022 [sim_pos=1.00 sim_pre=0.98 (empate)],
DISPUTADO,CVE-2024-26132,element-hq/element-android,element-hq/element-android @pre-fix,upstream_pre,kotlin,createTemporaryMediaFile,VULNERAVEL,CORRIGIDO,https://github.com/element-hq/element-android/commit/8f9695a9a8d944cb9b92568cbd76578c51d32e07,https://github.com/element-hq/element-android/blob/8f9695a9a8d944cb9b92568cbd76578c51d32e07~1/library/multipicker/src/main/java/im/vector/lib/multipicker/utils/MediaFileUtils.kt,VULNERAVEL,auto(bloco-2B) score=-0.022 [pré-fix (def. vulneravel); sanity sim_pos=0.98 sim_pre=1.00 (empate)],VULNERAVEL
DISPUTADO,CVE-2024-31208,element-hq/synapse,kakahu2015/synapse,fork_pre,python,exists_path_from,CORRIGIDO,CORRIGIDO,https://github.com/element-hq/synapse/commit/55b0aa847a61774b6a3acdc4b177a20dc019f01a,https://github.com/kakahu2015/synapse/commits/HEAD/synapse/storage/databases/main/events.py,CORRIGIDO,auto(bloco-2B) score=0.47 [sim_pos=1.00 sim_pre=0.53],CORRIGIDO
DISPUTADO,CVE-2024-31208,element-hq/synapse,microchipster/synapse,fork_pre,python,exists_path_from,CORRIGIDO,CORRIGIDO,https://github.com/element-hq/synapse/commit/55b0aa847a61774b6a3acdc4b177a20dc019f01a,https://github.com/microchipster/synapse/commits/HEAD/synapse/storage/databases/main/events.py,CORRIGIDO,auto(bloco-2B) score=0.47 [sim_pos=1.00 sim_pre=0.53],CORRIGIDO
DISPUTADO,CVE-2024-31208,element-hq/synapse,shcherbak/synapse,fork_pre,python,exists_path_from,CORRIGIDO,CORRIGIDO,https://github.com/element-hq/synapse/commit/55b0aa847a61774b6a3acdc4b177a20dc019f01a,https://github.com/shcherbak/synapse/commits/HEAD/synapse/storage/databases/main/events.py,CORRIGIDO,auto(bloco-2B) score=0.47 [sim_pos=1.00 sim_pre=0.53],CORRIGIDO
DISPUTADO,CVE-2024-39691,matrix-org/matrix-appservice-irc,jamesjen/matrix-appservice-irc,fork_pre,typescript,_onMemberEvent,CORRIGIDO,CORRIGIDO,https://github.com/matrix-org/matrix-appservice-irc/commit/1835e047f269001054be4c68867797aa12372a0f,https://github.com/jamesjen/matrix-appservice-irc/commits/HEAD/src/bridge/MatrixHandler.ts,CORRIGIDO,auto(bloco-2B) score=0.047 [sim_pos=1.00 sim_pre=0.95],CORRIGIDO
DISPUTADO,CVE-2024-39691,matrix-org/matrix-appservice-irc,matrix-org/matrix-appservice-irc @pre-fix,upstream_pre,typescript,_onMemberEvent,VULNERAVEL,CORRIGIDO,https://github.com/matrix-org/matrix-appservice-irc/commit/1835e047f269001054be4c68867797aa12372a0f,https://github.com/matrix-org/matrix-appservice-irc/blob/1835e047f269001054be4c68867797aa12372a0f~1/src/bridge/MatrixHandler.ts,VULNERAVEL,auto(bloco-2B) score=-0.047 [pré-fix (def. vulneravel); sanity sim_pos=0.95 sim_pre=1.00],VULNERAVEL
DISPUTADO,CVE-2024-39691,matrix-org/matrix-appservice-irc,oI0ck/matrix-appservice-irc,fork_pre,typescript,_onMemberEvent,CORRIGIDO,CORRIGIDO,https://github.com/matrix-org/matrix-appservice-irc/commit/1835e047f269001054be4c68867797aa12372a0f,https://github.com/oI0ck/matrix-appservice-irc/commits/HEAD/src/bridge/MatrixHandler.ts,CORRIGIDO,auto(bloco-2B) score=0.047 [sim_pos=1.00 sim_pre=0.95],CORRIGIDO
DISPUTADO,CVE-2025-23197,matrix-org/matrix-hookshot,Rath-debug/matrix-hookshot,fork_pre,typescript,start,CORRIGIDO,CORRIGIDO,https://github.com/matrix-org/matrix-hookshot/commit/e51d8210233ac759e7f7dfebc2c4f1bf6ce94802,https://github.com/Rath-debug/matrix-hookshot/commits/HEAD/src/github/GithubInstance.ts,CORRIGIDO,auto(bloco-2B) score=0.434 [sim_pos=1.00 sim_pre=0.57],CORRIGIDO
DISPUTADO,CVE-2025-23197,matrix-org/matrix-hookshot,maladesov/matrix-hookshot,fork_pre,typescript,start,CORRIGIDO,CORRIGIDO,https://github.com/matrix-org/matrix-hookshot/commit/e51d8210233ac759e7f7dfebc2c4f1bf6ce94802,https://github.com/maladesov/matrix-hookshot/commits/HEAD/src/github/GithubInstance.ts,CORRIGIDO,auto(bloco-2B) score=0.434 [sim_pos=1.00 sim_pre=0.57],CORRIGIDO
DISPUTADO,CVE-2025-23197,matrix-org/matrix-hookshot,yncyrydybyl/matrix-hookshot,fork_pre,typescript,start,CORRIGIDO,CORRIGIDO,https://github.com/matrix-org/matrix-hookshot/commit/e51d8210233ac759e7f7dfebc2c4f1bf6ce94802,https://github.com/yncyrydybyl/matrix-hookshot/commits/HEAD/src/github/GithubInstance.ts,CORRIGIDO,auto(bloco-2B) score=0.434 [sim_pos=1.00 sim_pre=0.57],CORRIGIDO
DISPUTADO,CVE-2025-27146,matrix-org/matrix-appservice-irc,jamesjen/matrix-appservice-irc,fork_pre,typescript,setTopic,CORRIGIDO,CORRIGIDO,https://github.com/matrix-org/matrix-appservice-irc/commit/74f02c8e11f16ed1b355700092c1aa9c036a11bd,https://github.com/jamesjen/matrix-appservice-irc/commits/HEAD/src/irc/BridgedClient.ts,CORRIGIDO,auto(bloco-2B) score=0.245 [sim_pos=1.00 sim_pre=0.75],CORRIGIDO
DISPUTADO,CVE-2025-27146,matrix-org/matrix-appservice-irc,oI0ck/matrix-appservice-irc,fork_pre,typescript,setTopic,CORRIGIDO,CORRIGIDO,https://github.com/matrix-org/matrix-appservice-irc/commit/74f02c8e11f16ed1b355700092c1aa9c036a11bd,https://github.com/oI0ck/matrix-appservice-irc/commits/HEAD/src/irc/BridgedClient.ts,CORRIGIDO,auto(bloco-2B) score=0.245 [sim_pos=1.00 sim_pre=0.75],CORRIGIDO
DISPUTADO,CVE-2025-27606,element-hq/element-android,H1d3r/element-android,fork_pre,kotlin,launchResetPinFlow,CORRIGIDO,CORRIGIDO,https://github.com/element-hq/element-android/commit/87d7fcdc8036a4db4da8c403f87c73a64a546304,https://github.com/H1d3r/element-android/commits/HEAD/vector/src/main/java/im/vector/app/features/pin/PinFragment.kt,CORRIGIDO,auto(bloco-2B) score=0.198 [sim_pos=1.00 sim_pre=0.80],CORRIGIDO
DISPUTADO,CVE-2025-27606,element-hq/element-android,SchildiChat/SchildiChat-android,fork_pre,kotlin,launchResetPinFlow,CORRIGIDO,CORRIGIDO,https://github.com/element-hq/element-android/commit/87d7fcdc8036a4db4da8c403f87c73a64a546304,https://github.com/SchildiChat/SchildiChat-android/commits/HEAD/vector/src/main/java/im/vector/app/features/pin/PinFragment.kt,CORRIGIDO,auto(bloco-2B) score=0.198 [sim_pos=1.00 sim_pre=0.80],CORRIGIDO
DISPUTADO,CVE-2025-27606,element-hq/element-android,bincnc/element-android,fork_pre,kotlin,launchResetPinFlow,CORRIGIDO,CORRIGIDO,https://github.com/element-hq/element-android/commit/87d7fcdc8036a4db4da8c403f87c73a64a546304,https://github.com/bincnc/element-android/commits/HEAD/vector/src/main/java/im/vector/app/features/pin/PinFragment.kt,CORRIGIDO,auto(bloco-2B) score=0.198 [sim_pos=1.00 sim_pre=0.80],CORRIGIDO
DISPUTADO,CVE-2025-48937,matrix-org/matrix-rust-sdk,SchildiChat/matrix-rust-sdk,fork_pre,rust,get_room_event_verification_state,CORRIGIDO,CORRIGIDO,https://github.com/matrix-org/matrix-rust-sdk/commit/13c1d2048286bbabf5e7bc6b015aafee98f04d55,https://github.com/SchildiChat/matrix-rust-sdk/commits/HEAD/crates/matrix-sdk-crypto/src/machine/mod.rs,CORRIGIDO,auto(bloco-2B) score=0.538 [sim_pos=1.00 sim_pre=0.46],CORRIGIDO
DISPUTADO,CVE-2025-48937,matrix-org/matrix-rust-sdk,matrix-construct/matrix-rust-sdk,fork_pre,rust,get_room_event_verification_state,CORRIGIDO,CORRIGIDO,https://github.com/matrix-org/matrix-rust-sdk/commit/13c1d2048286bbabf5e7bc6b015aafee98f04d55,https://github.com/matrix-construct/matrix-rust-sdk/commits/HEAD/crates/matrix-sdk-crypto/src/machine/mod.rs,CORRIGIDO,auto(bloco-2B) score=0.538 [sim_pos=1.00 sim_pre=0.46],CORRIGIDO
DISPUTADO,CVE-2025-48937,matrix-org/matrix-rust-sdk,verji/matrix-rust-sdk,fork_pre,rust,get_room_event_verification_state,CORRIGIDO,CORRIGIDO,https://github.com/matrix-org/matrix-rust-sdk/commit/13c1d2048286bbabf5e7bc6b015aafee98f04d55,https://github.com/verji/matrix-rust-sdk/commits/HEAD/crates/matrix-sdk-crypto/src/machine/mod.rs,CORRIGIDO,auto(bloco-2B) score=0.538 [sim_pos=1.00 sim_pre=0.46],CORRIGIDO
DISPUTADO,CVE-2025-61672,element-hq/synapse,element-hq/synapse @pre-fix,upstream_pre,python,on_POST,VULNERAVEL,CORRIGIDO,https://github.com/element-hq/synapse/commit/26aaaf9e48fff80cf67a20c691c75d670034b3c1 | https://github.com/element-hq/synapse/commit/7069636c2d6d1ef2022287addf3ed8b919ef2740,https://github.com/element-hq/synapse/blob/26aaaf9e48fff80cf67a20c691c75d670034b3c1~1/synapse/rest/client/keys.py,VULNERAVEL,auto(bloco-2B) score=-0.929 [pré-fix (def. vulneravel); sanity sim_pos=0.07 sim_pre=1.00],VULNERAVEL
DISPUTADO,CVE-2025-61672,element-hq/synapse,element-hq/synapse @pre-fix,upstream_pre,python,on_POST,VULNERAVEL,CORRIGIDO,https://github.com/element-hq/synapse/commit/26aaaf9e48fff80cf67a20c691c75d670034b3c1 | https://github.com/element-hq/synapse/commit/7069636c2d6d1ef2022287addf3ed8b919ef2740,https://github.com/element-hq/synapse/blob/26aaaf9e48fff80cf67a20c691c75d670034b3c1~1/synapse/rest/client/keys.py,VULNERAVEL,auto(bloco-2B) score=-0.929 [pré-fix (def. vulneravel); sanity sim_pos=0.07 sim_pre=1.00],VULNERAVEL
DISPUTADO,CVE-2025-61672,element-hq/synapse,kakahu2015/synapse,fork_pre,python,on_POST,VULNERAVEL,CORRIGIDO,https://github.com/element-hq/synapse/commit/26aaaf9e48fff80cf67a20c691c75d670034b3c1 | https://github.com/element-hq/synapse/commit/7069636c2d6d1ef2022287addf3ed8b919ef2740,https://github.com/kakahu2015/synapse/commits/HEAD/synapse/rest/client/keys.py,CORRIGIDO,auto(bloco-2B) score=0.403 [sim_pos=1.00 sim_pre=0.60],CORRIGIDO
DISPUTADO,CVE-2025-61672,element-hq/synapse,kakahu2015/synapse,fork_pre,python,on_POST,VULNERAVEL,CORRIGIDO,https://github.com/element-hq/synapse/commit/26aaaf9e48fff80cf67a20c691c75d670034b3c1 | https://github.com/element-hq/synapse/commit/7069636c2d6d1ef2022287addf3ed8b919ef2740,https://github.com/kakahu2015/synapse/commits/HEAD/synapse/rest/client/keys.py,CORRIGIDO,auto(bloco-2B) score=0.403 [sim_pos=1.00 sim_pre=0.60],CORRIGIDO
DISPUTADO,CVE-2025-61672,element-hq/synapse,microchipster/synapse,fork_pre,python,on_POST,VULNERAVEL,CORRIGIDO,https://github.com/element-hq/synapse/commit/26aaaf9e48fff80cf67a20c691c75d670034b3c1 | https://github.com/element-hq/synapse/commit/7069636c2d6d1ef2022287addf3ed8b919ef2740,https://github.com/microchipster/synapse/commits/HEAD/synapse/rest/client/keys.py,CORRIGIDO,auto(bloco-2B) score=0.403 [sim_pos=1.00 sim_pre=0.60],CORRIGIDO
DISPUTADO,CVE-2025-61672,element-hq/synapse,microchipster/synapse,fork_pre,python,on_POST,VULNERAVEL,CORRIGIDO,https://github.com/element-hq/synapse/commit/26aaaf9e48fff80cf67a20c691c75d670034b3c1 | https://github.com/element-hq/synapse/commit/7069636c2d6d1ef2022287addf3ed8b919ef2740,https://github.com/microchipster/synapse/commits/HEAD/synapse/rest/client/keys.py,CORRIGIDO,auto(bloco-2B) score=0.403 [sim_pos=1.00 sim_pre=0.60],CORRIGIDO
DISPUTADO,CVE-2025-61672,element-hq/synapse,shcherbak/synapse,fork_pre,python,on_POST,VULNERAVEL,CORRIGIDO,https://github.com/element-hq/synapse/commit/26aaaf9e48fff80cf67a20c691c75d670034b3c1 | https://github.com/element-hq/synapse/commit/7069636c2d6d1ef2022287addf3ed8b919ef2740,https://github.com/shcherbak/synapse/commits/HEAD/synapse/rest/client/keys.py,CORRIGIDO,auto(bloco-2B) score=0.403 [sim_pos=1.00 sim_pre=0.60],CORRIGIDO
DISPUTADO,CVE-2025-61672,element-hq/synapse,shcherbak/synapse,fork_pre,python,on_POST,VULNERAVEL,CORRIGIDO,https://github.com/element-hq/synapse/commit/26aaaf9e48fff80cf67a20c691c75d670034b3c1 | https://github.com/element-hq/synapse/commit/7069636c2d6d1ef2022287addf3ed8b919ef2740,https://github.com/shcherbak/synapse/commits/HEAD/synapse/rest/client/keys.py,CORRIGIDO,auto(bloco-2B) score=0.403 [sim_pos=1.00 sim_pre=0.60],CORRIGIDO
DISPUTADO,CVE-2025-66622,matrix-org/matrix-rust-sdk,SchildiChat/matrix-rust-sdk,fork_pre,rust,handle_state_event,CORRIGIDO,CORRIGIDO,https://github.com/matrix-org/matrix-rust-sdk/commit/4ea0418abefab2aa93f8851a4d39c723e703e6b0,https://github.com/SchildiChat/matrix-rust-sdk/commits/HEAD/crates/matrix-sdk-base/src/room/room_info.rs,CORRIGIDO,auto(bloco-2B) score=0.401 [sim_pos=1.00 sim_pre=0.60],CORRIGIDO
DISPUTADO,CVE-2025-66622,matrix-org/matrix-rust-sdk,matrix-construct/matrix-rust-sdk,fork_pre,rust,handle_state_event,CORRIGIDO,CORRIGIDO,https://github.com/matrix-org/matrix-rust-sdk/commit/4ea0418abefab2aa93f8851a4d39c723e703e6b0,https://github.com/matrix-construct/matrix-rust-sdk/commits/HEAD/crates/matrix-sdk-base/src/room/room_info.rs,CORRIGIDO,auto(bloco-2B) score=0.401 [sim_pos=1.00 sim_pre=0.60],CORRIGIDO
DISPUTADO,CVE-2025-66622,matrix-org/matrix-rust-sdk,matrix-org/matrix-rust-sdk @pre-fix,upstream_pre,rust,handle_state_event,VULNERAVEL,CORRIGIDO,https://github.com/matrix-org/matrix-rust-sdk/commit/4ea0418abefab2aa93f8851a4d39c723e703e6b0,https://github.com/matrix-org/matrix-rust-sdk/blob/4ea0418abefab2aa93f8851a4d39c723e703e6b0~1/crates/matrix-sdk-base/src/room/room_info.rs,VULNERAVEL,auto(bloco-2B) score=-0.533 [pré-fix (def. vulneravel); sanity sim_pos=0.47 sim_pre=1.00],VULNERAVEL
DISPUTADO,CVE-2025-66622,matrix-org/matrix-rust-sdk,verji/matrix-rust-sdk,fork_pre,rust,handle_state_event,CORRIGIDO,CORRIGIDO,https://github.com/matrix-org/matrix-rust-sdk/commit/4ea0418abefab2aa93f8851a4d39c723e703e6b0,https://github.com/verji/matrix-rust-sdk/commits/HEAD/crates/matrix-sdk-base/src/room/room_info.rs,CORRIGIDO,auto(bloco-2B) score=0.401 [sim_pos=1.00 sim_pre=0.60],CORRIGIDO
ok,CVE-2023-43656,matrix-org/matrix-hookshot,matrix-org/matrix-hookshot @pre-fix,upstream_pre,typescript,executeTransformationFunction,VULNERAVEL,VULNERAVEL,https://github.com/matrix-org/matrix-hookshot/commit/dc126afa6af86d66aefcd23a825326f405bcc894,https://github.com/matrix-org/matrix-hookshot/blob/dc126afa6af86d66aefcd23a825326f405bcc894~1/src/Connections/GenericHook.ts,VULNERAVEL,auto(bloco-2B) score=-0.807 [pré-fix (def. vulneravel); sanity sim_pos=0.19 sim_pre=1.00],VULNERAVEL
ok,CVE-2024-31208,element-hq/synapse,element-hq/synapse @pre-fix,upstream_pre,python,exists_path_from,VULNERAVEL,VULNERAVEL,https://github.com/element-hq/synapse/commit/55b0aa847a61774b6a3acdc4b177a20dc019f01a,https://github.com/element-hq/synapse/blob/55b0aa847a61774b6a3acdc4b177a20dc019f01a~1/synapse/storage/databases/main/events.py,VULNERAVEL,auto(bloco-2B) score=-0.544 [pré-fix (def. vulneravel); sanity sim_pos=0.46 sim_pre=1.00],VULNERAVEL
ok,CVE-2024-34353,matrix-org/matrix-rust-sdk,SchildiChat/matrix-rust-sdk,fork_pre,rust,test_generation_counter_invalidates_olm_machine,VULNERAVEL,VULNERAVEL,https://github.com/matrix-org/matrix-rust-sdk/commit/71136e44c03c79f80d6d1a2446673bc4d53a2067 | https://github.com/matrix-org/matrix-rust-sdk/commit/fa10bbb5dd0f9120a51aa1854cec752e25790bb0,https://github.com/SchildiChat/matrix-rust-sdk/commits/HEAD/crates/matrix-sdk-crypto/src/machine.rs | https://github.com/SchildiChat/matrix-rust-sdk/commits/HEAD/crates/matrix-sdk/src/encryption/mod.rs,VULNERAVEL,auto(bloco-2B) score=-0.863 [sim_pos=0.14 sim_pre=1.00],VULNERAVEL
ok,CVE-2024-34353,matrix-org/matrix-rust-sdk,matrix-construct/matrix-rust-sdk,fork_pre,rust,test_generation_counter_invalidates_olm_machine,VULNERAVEL,VULNERAVEL,https://github.com/matrix-org/matrix-rust-sdk/commit/71136e44c03c79f80d6d1a2446673bc4d53a2067 | https://github.com/matrix-org/matrix-rust-sdk/commit/fa10bbb5dd0f9120a51aa1854cec752e25790bb0,https://github.com/matrix-construct/matrix-rust-sdk/commits/HEAD/crates/matrix-sdk-crypto/src/machine.rs | https://github.com/matrix-construct/matrix-rust-sdk/commits/HEAD/crates/matrix-sdk/src/encryption/mod.rs,VULNERAVEL,auto(bloco-2B) score=-0.863 [sim_pos=0.14 sim_pre=1.00],VULNERAVEL
ok,CVE-2024-34353,matrix-org/matrix-rust-sdk,matrix-org/matrix-rust-sdk @pre-fix,upstream_pre,rust,test_generation_counter_invalidates_olm_machine,VULNERAVEL,VULNERAVEL,https://github.com/matrix-org/matrix-rust-sdk/commit/71136e44c03c79f80d6d1a2446673bc4d53a2067 | https://github.com/matrix-org/matrix-rust-sdk/commit/fa10bbb5dd0f9120a51aa1854cec752e25790bb0,https://github.com/matrix-org/matrix-rust-sdk/blob/71136e44c03c79f80d6d1a2446673bc4d53a2067~1/crates/matrix-sdk-crypto/src/machine.rs | https://github.com/matrix-org/matrix-rust-sdk/blob/71136e44c03c79f80d6d1a2446673bc4d53a2067~1/crates/matrix-sdk/src/encryption/mod.rs,VULNERAVEL,auto(bloco-2B) score=-0.863 [pré-fix (def. vulneravel); sanity sim_pos=0.14 sim_pre=1.00],VULNERAVEL
ok,CVE-2024-34353,matrix-org/matrix-rust-sdk,verji/matrix-rust-sdk,fork_pre,rust,test_generation_counter_invalidates_olm_machine,VULNERAVEL,VULNERAVEL,https://github.com/matrix-org/matrix-rust-sdk/commit/71136e44c03c79f80d6d1a2446673bc4d53a2067 | https://github.com/matrix-org/matrix-rust-sdk/commit/fa10bbb5dd0f9120a51aa1854cec752e25790bb0,https://github.com/verji/matrix-rust-sdk/commits/HEAD/crates/matrix-sdk-crypto/src/machine.rs | https://github.com/verji/matrix-rust-sdk/commits/HEAD/crates/matrix-sdk/src/encryption/mod.rs,VULNERAVEL,auto(bloco-2B) score=-0.863 [sim_pos=0.14 sim_pre=1.00],VULNERAVEL
ok,CVE-2025-23197,matrix-org/matrix-hookshot,matrix-org/matrix-hookshot @pre-fix,upstream_pre,typescript,start,VULNERAVEL,VULNERAVEL,https://github.com/matrix-org/matrix-hookshot/commit/e51d8210233ac759e7f7dfebc2c4f1bf6ce94802,https://github.com/matrix-org/matrix-hookshot/blob/e51d8210233ac759e7f7dfebc2c4f1bf6ce94802~1/src/github/GithubInstance.ts,VULNERAVEL,auto(bloco-2B) score=-0.562 [pré-fix (def. vulneravel); sanity sim_pos=0.44 sim_pre=1.00],VULNERAVEL
ok,CVE-2025-27146,matrix-org/matrix-appservice-irc,matrix-org/matrix-appservice-irc @pre-fix,upstream_pre,typescript,setTopic,VULNERAVEL,VULNERAVEL,https://github.com/matrix-org/matrix-appservice-irc/commit/74f02c8e11f16ed1b355700092c1aa9c036a11bd,https://github.com/matrix-org/matrix-appservice-irc/blob/74f02c8e11f16ed1b355700092c1aa9c036a11bd~1/src/irc/BridgedClient.ts,VULNERAVEL,auto(bloco-2B) score=-0.174 [pré-fix (def. vulneravel); sanity sim_pos=0.83 sim_pre=1.00],VULNERAVEL
ok,CVE-2025-27606,element-hq/element-android,element-hq/element-android @pre-fix,upstream_pre,kotlin,launchResetPinFlow,VULNERAVEL,VULNERAVEL,https://github.com/element-hq/element-android/commit/87d7fcdc8036a4db4da8c403f87c73a64a546304,https://github.com/element-hq/element-android/blob/87d7fcdc8036a4db4da8c403f87c73a64a546304~1/vector/src/main/java/im/vector/app/features/pin/PinFragment.kt,VULNERAVEL,auto(bloco-2B) score=-0.179 [pré-fix (def. vulneravel); sanity sim_pos=0.82 sim_pre=1.00],VULNERAVEL
ok,CVE-2025-48937,matrix-org/matrix-rust-sdk,matrix-org/matrix-rust-sdk @pre-fix,upstream_pre,rust,get_room_event_verification_state,VULNERAVEL,VULNERAVEL,https://github.com/matrix-org/matrix-rust-sdk/commit/13c1d2048286bbabf5e7bc6b015aafee98f04d55,https://github.com/matrix-org/matrix-rust-sdk/blob/13c1d2048286bbabf5e7bc6b015aafee98f04d55~1/crates/matrix-sdk-crypto/src/machine/mod.rs,VULNERAVEL,auto(bloco-2B) score=-0.766 [pré-fix (def. vulneravel); sanity sim_pos=0.23 sim_pre=1.00],VULNERAVEL
