github_owner;github_repo;dependency;cpe_uuid;cpe_uri;creation_date;last_midication_date;deprecated;deprecated_by;part;vendor;product;version;update;edition;language;sw_edition;target_sw;target_hw;other
element-hq;element-android;0;3BC47A0A-0B0D-4620-852F-C848C3763C23;cpe:2.3:a:element:element:1.6.42:*:*:*:*:android:*:*;2025-10-14T12:17:49.937;2025-10-14T12:17:49.937;False;;a;element;element;1.6.42;*;*;*;*;android;*;*
element-hq;element-android;0;65D718FA-B00E-44AF-9C38-7F7354A5B4E4;cpe:2.3:a:element:element:1.6.40:*:*:*:*:android:*:*;2025-10-14T12:17:49.937;2025-10-14T12:17:49.937;False;;a;element;element;1.6.40;*;*;*;*;android;*;*
element-hq;element-android;0;D78A6BCB-1CBC-4929-BC82-ACC27D8DC184;cpe:2.3:a:element:element:1.6.38:*:*:*:*:android:*:*;2025-10-14T12:17:49.937;2025-10-14T12:17:49.937;False;;a;element;element;1.6.38;*;*;*;*;android;*;*
element-hq;element-android;0;D78A6BCB-1CBC-4929-BC82-ACC27D8DC184;cpe:2.3:a:element:element:1.6.38:*:*:*:*:android:*:*;2025-10-14T12:17:49.937;2025-10-14T12:17:49.937;False;;a;element;element;1.6.38;*;*;*;*;android;*;*
element-hq;element-android;0;CE056E9A-4F1C-4072-95A1-05DF08F0BFCE;cpe:2.3:a:element:element:1.6.36:*:*:*:*:android:*:*;2025-10-14T12:17:49.937;2025-10-14T12:17:49.937;False;;a;element;element;1.6.36;*;*;*;*;android;*;*
element-hq;element-android;0;B3160D5A-A7D0-4D8D-993D-677B0AFE4FC1;cpe:2.3:a:element:element:1.6.34:*:*:*:*:android:*:*;2025-10-14T12:17:49.937;2025-10-14T12:17:49.937;False;;a;element;element;1.6.34;*;*;*;*;android;*;*
element-hq;element-android;0;1AFEA3D1-E56A-4815-94D6-527346AE9246;cpe:2.3:a:element:element:1.6.32:*:*:*:*:android:*:*;2025-10-14T12:17:49.937;2025-10-14T12:17:49.937;False;;a;element;element;1.6.32;*;*;*;*;android;*;*
element-hq;element-android;0;0FCD390B-B27E-450B-BD01-9050CAF2F7DB;cpe:2.3:a:element:element:1.6.28:*:*:*:*:android:*:*;2025-02-13T19:19:51.453;2025-02-13T19:19:51.453;False;;a;element;element;1.6.28;*;*;*;*;android;*;*
element-hq;element-android;0;27632D14-FA75-4BDD-B12F-D462C6600AE8;cpe:2.3:a:element:element:1.6.26:*:*:*:*:android:*:*;2025-02-13T19:19:51.453;2025-02-13T19:19:51.453;False;;a;element;element;1.6.26;*;*;*;*;android;*;*
element-hq;element-android;0;842B8C6A-33EB-413B-ADCE-D3D101F329FC;cpe:2.3:a:element:element:1.6.24:*:*:*:*:android:*:*;2025-02-13T19:19:51.453;2025-02-13T19:19:51.453;False;;a;element;element;1.6.24;*;*;*;*;android;*;*
element-hq;element-android;0;DE4BAA43-13EC-4F4C-8F94-C1A77631C210;cpe:2.3:a:element:element:1.6.22:*:*:*:*:android:*:*;2025-02-13T19:19:51.453;2025-02-13T19:19:51.453;False;;a;element;element;1.6.22;*;*;*;*;android;*;*
element-hq;element-android;0;5804A727-5B13-4393-9CD1-AE77FD8C8AA8;cpe:2.3:a:element:element:1.6.20:*:*:*:*:android:*:*;2025-02-13T19:19:51.453;2025-02-13T19:19:51.453;False;;a;element;element;1.6.20;*;*;*;*;android;*;*
matrix-org;matrix-rust-sdk;1;6A91C330-4498-43F8-BB6E-329E44EDBF1A;cpe:2.3:a:matrix:matrix-rust-sdk:0.13.0:*:*:*:*:*:*:*;2026-04-21T16:11:42.540;2026-04-21T16:11:42.540;False;;a;matrix;matrix-rust-sdk;0.13.0;*;*;*;*;*;*;*
matrix-org;matrix-rust-sdk;1;D46FAE11-CE7C-4431-A1B2-26A4046071D7;cpe:2.3:a:matrix:matrix-rust-sdk:0.12.0:*:*:*:*:*:*:*;2026-04-21T16:11:42.540;2026-04-21T16:11:42.540;False;;a;matrix;matrix-rust-sdk;0.12.0;*;*;*;*;*;*;*
matrix-org;matrix-rust-sdk;1;793CBFC2-4436-47EA-B61F-835A1677D918;cpe:2.3:a:matrix:matrix-rust-sdk:0.11.0:*:*:*:*:*:*:*;2026-04-21T16:11:42.540;2026-04-21T16:11:42.540;False;;a;matrix;matrix-rust-sdk;0.11.0;*;*;*;*;*;*;*
matrix-org;matrix-rust-sdk;1;0ADA6E07-619F-43FB-BCDC-D566218317FB;cpe:2.3:a:matrix:matrix-rust-sdk:0.10.0:*:*:*:*:*:*:*;2026-04-21T16:11:42.540;2026-04-21T16:11:42.540;False;;a;matrix;matrix-rust-sdk;0.10.0;*;*;*;*;*;*;*
matrix-org;matrix-rust-sdk;1;D75BF778-4437-4162-9E15-725F6408AE98;cpe:2.3:a:matrix:matrix-rust-sdk:0.9.0:*:*:*:*:*:*:*;2026-04-21T16:11:42.540;2026-04-21T16:11:42.540;False;;a;matrix;matrix-rust-sdk;0.9.0;*;*;*;*;*;*;*
matrix-org;matrix-rust-sdk;1;3DE230AD-148E-4232-8267-8D2052377066;cpe:2.3:a:matrix:matrix-rust-sdk:0.8.0:*:*:*:*:*:*:*;2026-04-21T16:11:42.540;2026-04-21T16:11:42.540;False;;a;matrix;matrix-rust-sdk;0.8.0;*;*;*;*;*;*;*
matrix-org;matrix-rust-sdk;1;26810584-1FCB-4421-B839-9357E40B15AD;cpe:2.3:a:matrix:matrix-rust-sdk:0.5.0:*:*:*:*:*:*:*;2023-02-28T21:22:56.023;2023-03-01T07:08:31.690;False;;a;matrix;matrix-rust-sdk;0.5.0;*;*;*;*;*;*;*
matrix-org;matrix-rust-sdk;1;CF1CCD14-6692-4656-B20B-4CAA30D5C10A;cpe:2.3:a:matrix:matrix-rust-sdk:0.4.1:*:*:*:*:*:*:*;2023-02-28T21:22:56.023;2023-03-01T07:08:31.690;False;;a;matrix;matrix-rust-sdk;0.4.1;*;*;*;*;*;*;*
matrix-org;olm;1;A2AFA6E7-AF4B-4BFC-B711-ACA425F1D32C;cpe:2.3:a:matrix:olm:3.2.16:*:*:*:*:*:*:*;2025-07-09T12:35:33.457;2025-07-09T12:35:33.457;False;;a;matrix;olm;3.2.16;*;*;*;*;*;*;*
matrix-org;olm;1;FC3E22F9-AD57-4ED9-811C-3EBAE99D2990;cpe:2.3:a:matrix:olm:3.2.15:*:*:*:*:*:*:*;2025-07-09T12:35:33.457;2025-07-09T12:35:33.457;False;;a;matrix;olm;3.2.15;*;*;*;*;*;*;*
matrix-org;olm;1;255EE7BF-609F-498A-A4F8-733D6570ACAE;cpe:2.3:a:matrix:olm:3.2.12:*:*:*:*:*:*:*;2025-07-09T12:35:33.457;2025-07-09T12:35:33.457;False;;a;matrix;olm;3.2.12;*;*;*;*;*;*;*
matrix-org;olm;1;8013F055-5F20-4E3E-9901-29B47CA5B7E9;cpe:2.3:a:matrix:olm:3.2.11:*:*:*:*:*:*:*;2025-07-09T12:35:33.457;2025-07-09T12:35:33.457;False;;a;matrix;olm;3.2.11;*;*;*;*;*;*;*
matrix-org;olm;1;78B5F553-017F-4A59-A978-EE0EDFE350A1;cpe:2.3:a:matrix:olm:3.2.9:*:*:*:*:*:*:*;2025-07-09T12:35:33.457;2025-07-09T12:35:33.457;False;;a;matrix;olm;3.2.9;*;*;*;*;*;*;*
matrix-org;olm;1;43DBDF2F-429A-46FA-9311-3E52DD9FB4B4;cpe:2.3:a:matrix:olm:3.2.8:*:*:*:*:*:*:*;2021-12-17T17:42:47.870;2021-12-17T19:02:40.523;False;;a;matrix;olm;3.2.8;*;*;*;*;*;*;*
matrix-org;olm;1;BABBD64B-AF57-4567-9C05-7282FD7AAD17;cpe:2.3:a:matrix:olm:3.2.7:*:*:*:*:*:*:*;2021-12-17T17:42:47.870;2021-12-17T19:02:40.523;False;;a;matrix;olm;3.2.7;*;*;*;*;*;*;*
matrix-org;olm;1;4F70C3F0-9128-49A7-8FFD-F1BB33C2C7F3;cpe:2.3:a:matrix:olm:3.2.6:*:*:*:*:*:*:*;2021-12-17T17:42:47.870;2021-12-17T19:02:40.523;False;;a;matrix;olm;3.2.6;*;*;*;*;*;*;*
matrix-org;olm;1;E6634609-F4CA-4B95-8325-33BCA61D5071;cpe:2.3:a:matrix:olm:3.2.5:*:*:*:*:*:*:*;2021-12-17T17:42:47.870;2021-12-17T19:02:40.523;False;;a;matrix;olm;3.2.5;*;*;*;*;*;*;*
matrix-org;olm;1;71980FF6-40E3-425F-A152-E315F6C8396A;cpe:2.3:a:matrix:olm:3.2.4:*:*:*:*:*:*:*;2021-12-17T17:42:47.870;2021-12-17T19:02:40.523;False;;a;matrix;olm;3.2.4;*;*;*;*;*;*;*
matrix-org;olm;1;B0CB29B2-9756-4D0D-9077-E9323E985E23;cpe:2.3:a:matrix:olm:3.2.3:*:*:*:*:*:*:*;2021-12-17T17:42:47.870;2021-12-17T19:02:40.523;False;;a;matrix;olm;3.2.3;*;*;*;*;*;*;*
matrix-org;olm;1;D12A1F29-655C-4944-8940-272AFFC04502;cpe:2.3:a:matrix:olm:3.2.2:*:*:*:*:*:*:*;2021-12-17T17:42:47.870;2021-12-17T19:02:40.523;False;;a;matrix;olm;3.2.2;*;*;*;*;*;*;*
matrix-org;olm;1;016515F0-CA5D-4910-AC5F-42A125A65345;cpe:2.3:a:matrix:olm:3.2.1:*:*:*:*:*:*:*;2021-12-17T17:42:47.870;2021-12-17T19:02:40.523;False;;a;matrix;olm;3.2.1;*;*;*;*;*;*;*
matrix-org;olm;1;5FF5118E-90B5-4170-8D6A-916346105B10;cpe:2.3:a:matrix:olm:3.2.0:*:*:*:*:*:*:*;2021-12-17T17:42:47.870;2021-12-17T19:02:40.523;False;;a;matrix;olm;3.2.0;*;*;*;*;*;*;*
matrix-org;olm;1;F5CCBE89-EE29-4472-A69B-049ECBC31FFD;cpe:2.3:a:matrix:olm:3.1.5:*:*:*:*:*:*:*;2021-12-17T17:42:47.870;2021-12-17T19:02:40.523;False;;a;matrix;olm;3.1.5;*;*;*;*;*;*;*
matrix-org;olm;1;D1BFA5B3-6637-4864-8CE7-1E670FF8FE8A;cpe:2.3:a:matrix:olm:3.1.4:*:*:*:*:*:*:*;2021-12-17T17:42:47.870;2021-12-17T19:02:40.523;False;;a;matrix;olm;3.1.4;*;*;*;*;*;*;*
matrix-org;olm;1;2B019A15-FE8B-41C2-AEC6-8975A7B0FF6E;cpe:2.3:a:matrix:olm:3.1.3:*:*:*:*:*:*:*;2021-12-17T17:42:47.870;2021-12-17T19:02:40.523;False;;a;matrix;olm;3.1.3;*;*;*;*;*;*;*
matrix-org;olm;1;5CCB29BE-8644-4F19-9EE3-5433A297568F;cpe:2.3:a:matrix:olm:3.1.2:*:*:*:*:*:*:*;2021-12-17T17:42:47.870;2021-12-17T19:02:40.523;False;;a;matrix;olm;3.1.2;*;*;*;*;*;*;*
matrix-org;olm;1;5EB176A2-0615-4B7F-9BF2-552EF77B7E69;cpe:2.3:a:matrix:olm:3.1.1:*:*:*:*:*:*:*;2021-12-17T17:42:47.870;2021-12-17T19:02:40.523;False;;a;matrix;olm;3.1.1;*;*;*;*;*;*;*
matrix-org;olm;1;484813E7-4F1C-4286-B052-C85B8137E79D;cpe:2.3:a:matrix:olm:3.1.0:-:*:*:*:*:*:*;2021-12-17T17:43:48.583;2021-12-17T19:02:40.523;False;;a;matrix;olm;3.1.0;-;*;*;*;*;*;*
matrix-org;olm;1;00C88F22-9698-47C8-BD0B-78017CB73A69;cpe:2.3:a:matrix:olm:3.1.0:pre1:*:*:*:*:*:*;2021-12-17T17:43:48.583;2021-12-17T19:02:40.523;False;;a;matrix;olm;3.1.0;pre1;*;*;*;*;*;*
matrix-org;olm;1;2B297B66-BD48-421C-9063-53BA436E1446;cpe:2.3:a:matrix:olm:3.0.0:*:*:*:*:*:*:*;2021-12-17T17:42:47.870;2021-12-17T19:02:40.523;False;;a;matrix;olm;3.0.0;*;*;*;*;*;*;*
