par_id;prioridade;cve;upstream;fork;categoria;gt_label;gt_confianca;auto_uniao;auto_regra_ab;gatilho_ab;anchor;origem_ficha;link_fix_commit;link_arquivo_fork;veredito_humano;sonda_nao_corretiva;observacao
tchapgouv/matrix-rust-sdk::CVE-2024-40648;P1;CVE-2024-40648;matrix-org/matrix-rust-sdk;tchapgouv/matrix-rust-sdk;sdk;CONFIRMED_VULNERABLE;0.0667;CORRIGIDO;ZONA_INCERTEZA;sim;own_identity.is_verified() && own_identity.is_identity_signed;proposta;https://github.com/matrix-org/matrix-rust-sdk/commit/76a7052149bb8f722df12da915b3a06d19a6695a;https://github.com/tchapgouv/matrix-rust-sdk/blob/HEAD/crates/matrix-sdk-crypto/src/identities/user.rs;;;
zecakeh/matrix-rust-sdk::CVE-2024-40648;P2;CVE-2024-40648;matrix-org/matrix-rust-sdk;zecakeh/matrix-rust-sdk;sdk;CONFIRMED_VULNERABLE;0.0;VULNERAVEL;VULNERAVEL;;own_identity.is_verified() && own_identity.is_identity_signed;proposta;https://github.com/matrix-org/matrix-rust-sdk/commit/76a7052149bb8f722df12da915b3a06d19a6695a;https://github.com/zecakeh/matrix-rust-sdk/blob/HEAD/crates/matrix-sdk-crypto/src/identities/user.rs;;;
Hywan/matrix-rust-sdk::CVE-2024-40648;P5;CVE-2024-40648;matrix-org/matrix-rust-sdk;Hywan/matrix-rust-sdk;sdk;CONFIRMED_PATCHED;1.0;CORRIGIDO;CORRIGIDO;;own_identity.is_verified() && own_identity.is_identity_signed;proposta;https://github.com/matrix-org/matrix-rust-sdk/commit/76a7052149bb8f722df12da915b3a06d19a6695a;https://github.com/Hywan/matrix-rust-sdk/blob/HEAD/crates/matrix-sdk-crypto/src/identities/user.rs;;;
tchapgouv/matrix-rust-sdk::CVE-2025-53549;P1;CVE-2025-53549;matrix-org/matrix-rust-sdk;tchapgouv/matrix-rust-sdk;sdk;AMBIGUOUS;0.6667;CORRIGIDO;ZONA_INCERTEZA;sim;collect_results;proposta;https://github.com/matrix-org/matrix-rust-sdk/commit/d0c01006e4808db5eb96ad5c496416f284d8bd3c;https://github.com/tchapgouv/matrix-rust-sdk/blob/HEAD/crates/matrix-sdk-sqlite/src/event_cache_store.rs;;;
tchapgouv/matrix-rust-sdk::CVE-2025-66622;P1;CVE-2025-66622;matrix-org/matrix-rust-sdk;tchapgouv/matrix-rust-sdk;sdk;CONFIRMED_VULNERABLE;0.0;CORRIGIDO;ZONA_INCERTEZA;sim;"warn!(""Encountered a custom join rule"")";gtv2;https://github.com/matrix-org/matrix-rust-sdk/commit/4ea0418abefab2aa93f8851a4d39c723e703e6b0;https://github.com/tchapgouv/matrix-rust-sdk/blob/HEAD/crates/matrix-sdk-base/src/room/room_info.rs;;;
Hywan/matrix-rust-sdk::CVE-2025-66622;P2;CVE-2025-66622;matrix-org/matrix-rust-sdk;Hywan/matrix-rust-sdk;sdk;CONFIRMED_VULNERABLE;0.1333;ZONA_INCERTEZA;ZONA_INCERTEZA;;"warn!(""Encountered a custom join rule"")";gtv2;https://github.com/matrix-org/matrix-rust-sdk/commit/4ea0418abefab2aa93f8851a4d39c723e703e6b0;https://github.com/Hywan/matrix-rust-sdk/blob/HEAD/crates/matrix-sdk/tests/integration/client.rs;;;
zecakeh/matrix-rust-sdk::CVE-2025-66622;P2;CVE-2025-66622;matrix-org/matrix-rust-sdk;zecakeh/matrix-rust-sdk;sdk;CONFIRMED_VULNERABLE;0.0667;NAO_CORRIGIDO;NAO_CORRIGIDO;;"warn!(""Encountered a custom join rule"")";gtv2;https://github.com/matrix-org/matrix-rust-sdk/commit/4ea0418abefab2aa93f8851a4d39c723e703e6b0;https://github.com/zecakeh/matrix-rust-sdk/blob/HEAD/crates/matrix-sdk/tests/integration/client.rs;;;
zecakeh/matrix-rust-sdk::CVE-2024-34353;P2;CVE-2024-34353;matrix-org/matrix-rust-sdk;zecakeh/matrix-rust-sdk;sdk;CONFIRMED_VULNERABLE;0.0667;ZONA_INCERTEZA;ZONA_INCERTEZA;;setup_and_resume();gtv2;https://github.com/matrix-org/matrix-rust-sdk/commit/71136e44c03c79f80d6d1a2446673bc4d53a2067;https://github.com/zecakeh/matrix-rust-sdk/blob/HEAD/crates/matrix-sdk/src/encryption/mod.rs;;;
tchapgouv/matrix-rust-sdk::CVE-2024-34353;P3;CVE-2024-34353;matrix-org/matrix-rust-sdk;tchapgouv/matrix-rust-sdk;sdk;CONFIRMED_PATCHED;0.9333;ZONA_INCERTEZA;ZONA_INCERTEZA;;setup_and_resume();gtv2;https://github.com/matrix-org/matrix-rust-sdk/commit/71136e44c03c79f80d6d1a2446673bc4d53a2067;https://github.com/tchapgouv/matrix-rust-sdk/blob/HEAD/crates/matrix-sdk/src/encryption/mod.rs;;;
Hywan/matrix-rust-sdk::CVE-2024-34353;P5;CVE-2024-34353;matrix-org/matrix-rust-sdk;Hywan/matrix-rust-sdk;sdk;CONFIRMED_PATCHED;0.9333;CORRIGIDO;CORRIGIDO;;setup_and_resume();gtv2;https://github.com/matrix-org/matrix-rust-sdk/commit/71136e44c03c79f80d6d1a2446673bc4d53a2067;https://github.com/Hywan/matrix-rust-sdk/blob/HEAD/crates/matrix-sdk/src/encryption/mod.rs;;;
Buzzlabs/synapse::CVE-2026-45078;P2;CVE-2026-45078;element-hq/synapse;Buzzlabs/synapse;server;CONFIRMED_VULNERABLE;0.0667;VULNERAVEL;VULNERAVEL;;_increment_timeout_interval;proposta;https://github.com/element-hq/synapse/commit/3f58bc50dfba5768ee43ce48c5e74c25ba0b078a;https://github.com/Buzzlabs/synapse/blob/HEAD/synapse/handlers/worker_lock.py;;;
AliAbutorabi/Synapse::CVE-2026-45078;P5;CVE-2026-45078;element-hq/synapse;AliAbutorabi/Synapse;server;CONFIRMED_PATCHED;1.0;CORRIGIDO;CORRIGIDO;;_increment_timeout_interval;proposta;https://github.com/element-hq/synapse/commit/3f58bc50dfba5768ee43ce48c5e74c25ba0b078a;https://github.com/AliAbutorabi/Synapse/blob/HEAD/synapse/handlers/worker_lock.py;;;
guillemo12/synapse::CVE-2026-45078;P5;CVE-2026-45078;element-hq/synapse;guillemo12/synapse;server;CONFIRMED_PATCHED;1.0;CORRIGIDO;CORRIGIDO;;_increment_timeout_interval;proposta;https://github.com/element-hq/synapse/commit/3f58bc50dfba5768ee43ce48c5e74c25ba0b078a;https://github.com/guillemo12/synapse/blob/HEAD/synapse/handlers/worker_lock.py;;;
Hywan/matrix-rust-sdk::CVE-2022-39252;P3;CVE-2022-39252;matrix-org/matrix-rust-sdk;Hywan/matrix-rust-sdk;sdk;CONFIRMED_PATCHED;0.9333;ZONA_INCERTEZA;ZONA_INCERTEZA;;should_accept_forward;gtv2;https://github.com/matrix-org/matrix-rust-sdk/commit/093fb5d0aa21c0b5eaea6ec96b477f1075271cbb;https://github.com/Hywan/matrix-rust-sdk/blob/HEAD/crates/matrix-sdk-crypto/src/gossiping/machine.rs;;;
tchapgouv/matrix-rust-sdk::CVE-2022-39252;P3;CVE-2022-39252;matrix-org/matrix-rust-sdk;tchapgouv/matrix-rust-sdk;sdk;CONFIRMED_PATCHED;0.9333;ZONA_INCERTEZA;ZONA_INCERTEZA;;should_accept_forward;gtv2;https://github.com/matrix-org/matrix-rust-sdk/commit/093fb5d0aa21c0b5eaea6ec96b477f1075271cbb;https://github.com/tchapgouv/matrix-rust-sdk/blob/HEAD/crates/matrix-sdk-crypto/src/gossiping/machine.rs;;;
zecakeh/matrix-rust-sdk::CVE-2022-39252;P5;CVE-2022-39252;matrix-org/matrix-rust-sdk;zecakeh/matrix-rust-sdk;sdk;CONFIRMED_PATCHED;0.9333;CORRIGIDO;CORRIGIDO;;should_accept_forward;gtv2;https://github.com/matrix-org/matrix-rust-sdk/commit/093fb5d0aa21c0b5eaea6ec96b477f1075271cbb;https://github.com/zecakeh/matrix-rust-sdk/blob/HEAD/crates/matrix-sdk-crypto/src/gossiping/machine.rs;;;
H1d3r/element-android::CVE-2024-26131;P5;CVE-2024-26131;element-hq/element-android;H1d3r/element-android;client;CONFIRMED_PATCHED;1.0;CORRIGIDO;CORRIGIDO;;className in allowList;gtv2;https://github.com/element-hq/element-android/commit/53734255ec270b0814946350787393dfcaa2a5a9;https://github.com/H1d3r/element-android/blob/HEAD/vector/src/main/java/im/vector/app/features/MainActivity.kt;;;
luki-ev/synod-android::CVE-2024-26131;P5;CVE-2024-26131;element-hq/element-android;luki-ev/synod-android;client;CONFIRMED_PATCHED;1.0;CORRIGIDO;CORRIGIDO;;className in allowList;gtv2;https://github.com/element-hq/element-android/commit/53734255ec270b0814946350787393dfcaa2a5a9;https://github.com/luki-ev/synod-android/blob/HEAD/vector/src/main/java/im/vector/app/features/MainActivity.kt;;;
validkanaheiuser/element-android::CVE-2024-26131;P5;CVE-2024-26131;element-hq/element-android;validkanaheiuser/element-android;client;CONFIRMED_PATCHED;1.0;CORRIGIDO;CORRIGIDO;;className in allowList;gtv2;https://github.com/element-hq/element-android/commit/53734255ec270b0814946350787393dfcaa2a5a9;https://github.com/validkanaheiuser/element-android/blob/HEAD/vector/src/main/java/im/vector/app/features/MainActivity.kt;;;
H1d3r/element-android::CVE-2024-26132;P5;CVE-2024-26132;element-hq/element-android;H1d3r/element-android;client;CONFIRMED_PATCHED;1.0;CORRIGIDO;CORRIGIDO;;"File(context.filesDir, ""media"")";gtv2;https://github.com/element-hq/element-android/commit/8f9695a9a8d944cb9b92568cbd76578c51d32e07;https://github.com/H1d3r/element-android/blob/HEAD/library/multipicker/src/main/java/im/vector/lib/multipicker/utils/MediaFileUtils.kt;;;
luki-ev/synod-android::CVE-2024-26132;P5;CVE-2024-26132;element-hq/element-android;luki-ev/synod-android;client;CONFIRMED_PATCHED;1.0;CORRIGIDO;CORRIGIDO;;"File(context.filesDir, ""media"")";gtv2;https://github.com/element-hq/element-android/commit/8f9695a9a8d944cb9b92568cbd76578c51d32e07;https://github.com/luki-ev/synod-android/blob/HEAD/library/multipicker/src/main/java/im/vector/lib/multipicker/utils/MediaFileUtils.kt;;;
validkanaheiuser/element-android::CVE-2024-26132;P5;CVE-2024-26132;element-hq/element-android;validkanaheiuser/element-android;client;CONFIRMED_PATCHED;1.0;CORRIGIDO;CORRIGIDO;;"File(context.filesDir, ""media"")";gtv2;https://github.com/element-hq/element-android/commit/8f9695a9a8d944cb9b92568cbd76578c51d32e07;https://github.com/validkanaheiuser/element-android/blob/HEAD/library/multipicker/src/main/java/im/vector/lib/multipicker/utils/MediaFileUtils.kt;;;
AliAbutorabi/Synapse::CVE-2024-31208;P5;CVE-2024-31208;element-hq/synapse;AliAbutorabi/Synapse;server;CONFIRMED_PATCHED;0.9333;CORRIGIDO;CORRIGIDO;;visited_chains;gtv2;https://github.com/element-hq/synapse/commit/55b0aa847a61774b6a3acdc4b177a20dc019f01a;https://github.com/AliAbutorabi/Synapse/blob/HEAD/synapse/storage/databases/main/events.py;;;
Buzzlabs/synapse::CVE-2024-31208;P5;CVE-2024-31208;element-hq/synapse;Buzzlabs/synapse;server;CONFIRMED_PATCHED;0.9333;CORRIGIDO;CORRIGIDO;;visited_chains;gtv2;https://github.com/element-hq/synapse/commit/55b0aa847a61774b6a3acdc4b177a20dc019f01a;https://github.com/Buzzlabs/synapse/blob/HEAD/synapse/storage/databases/main/events.py;;;
guillemo12/synapse::CVE-2024-31208;P5;CVE-2024-31208;element-hq/synapse;guillemo12/synapse;server;CONFIRMED_PATCHED;0.9333;CORRIGIDO;CORRIGIDO;;visited_chains;gtv2;https://github.com/element-hq/synapse/commit/55b0aa847a61774b6a3acdc4b177a20dc019f01a;https://github.com/guillemo12/synapse/blob/HEAD/synapse/storage/databases/main/events.py;;;
CommE2E/vodozemac::CVE-2024-40640;P5;CVE-2024-40640;matrix-org/vodozemac;CommE2E/vodozemac;support;CONFIRMED_PATCHED;1.0;CORRIGIDO;CORRIGIDO;;base64ct::Base64Unpadded;proposta;https://github.com/matrix-org/vodozemac/commit/734b6c6948d4b2bdee3dd8b4efa591d93a61d272;https://github.com/CommE2E/vodozemac/blob/HEAD/src/megolm/session_keys.rs;;;
tangowhisky-dev/vodozemac::CVE-2024-40640;P5;CVE-2024-40640;matrix-org/vodozemac;tangowhisky-dev/vodozemac;support;CONFIRMED_PATCHED;1.0;CORRIGIDO;CORRIGIDO;;base64ct::Base64Unpadded;proposta;https://github.com/matrix-org/vodozemac/commit/734b6c6948d4b2bdee3dd8b4efa591d93a61d272;https://github.com/tangowhisky-dev/vodozemac/blob/HEAD/src/megolm/session_keys.rs;;;
xsanm/vodozemac::CVE-2024-40640;P5;CVE-2024-40640;matrix-org/vodozemac;xsanm/vodozemac;support;CONFIRMED_PATCHED;1.0;CORRIGIDO;CORRIGIDO;;base64ct::Base64Unpadded;proposta;https://github.com/matrix-org/vodozemac/commit/734b6c6948d4b2bdee3dd8b4efa591d93a61d272;https://github.com/xsanm/vodozemac/blob/HEAD/src/megolm/session_keys.rs;;;
AliAbutorabi/Synapse::CVE-2025-30355;P5;CVE-2025-30355;element-hq/synapse;AliAbutorabi/Synapse;server;CONFIRMED_PATCHED;0.8667;CORRIGIDO;CORRIGIDO;;filter_pdus_for_valid_depth;proposta;https://github.com/element-hq/synapse/commit/2277df2a1eb685f85040ef98fa21d41aa4cdd389;https://github.com/AliAbutorabi/Synapse/blob/HEAD/synapse/federation/units.py;;;
Buzzlabs/synapse::CVE-2025-30355;P5;CVE-2025-30355;element-hq/synapse;Buzzlabs/synapse;server;CONFIRMED_PATCHED;0.8667;CORRIGIDO;CORRIGIDO;;filter_pdus_for_valid_depth;proposta;https://github.com/element-hq/synapse/commit/2277df2a1eb685f85040ef98fa21d41aa4cdd389;https://github.com/Buzzlabs/synapse/blob/HEAD/synapse/federation/units.py;;;
guillemo12/synapse::CVE-2025-30355;P5;CVE-2025-30355;element-hq/synapse;guillemo12/synapse;server;CONFIRMED_PATCHED;0.8667;CORRIGIDO;CORRIGIDO;;filter_pdus_for_valid_depth;proposta;https://github.com/element-hq/synapse/commit/2277df2a1eb685f85040ef98fa21d41aa4cdd389;https://github.com/guillemo12/synapse/blob/HEAD/synapse/federation/units.py;;;
tchapgouv/matrix-rust-sdk::CVE-2025-48937;P5;CVE-2025-48937;matrix-org/matrix-rust-sdk;tchapgouv/matrix-rust-sdk;sdk;CONFIRMED_PATCHED;1.0;CORRIGIDO;CORRIGIDO;;Some(i) if i != sender;gtv2;https://github.com/matrix-org/matrix-rust-sdk/commit/13c1d2048286bbabf5e7bc6b015aafee98f04d55;https://github.com/tchapgouv/matrix-rust-sdk/blob/HEAD/crates/matrix-sdk-crypto/src/machine/mod.rs;;;
AliAbutorabi/Synapse::CVE-2025-61672;P5;CVE-2025-61672;element-hq/synapse;AliAbutorabi/Synapse;server;CONFIRMED_PATCHED;1.0;CORRIGIDO;CORRIGIDO;;validate_json_object(body, self.KeyUploadRequestBody);gtv2;https://github.com/element-hq/synapse/commit/26aaaf9e48fff80cf67a20c691c75d670034b3c1;https://github.com/AliAbutorabi/Synapse/blob/HEAD/tests/rest/client/test_keys.py;;;
Buzzlabs/synapse::CVE-2025-61672;P5;CVE-2025-61672;element-hq/synapse;Buzzlabs/synapse;server;CONFIRMED_PATCHED;1.0;CORRIGIDO;CORRIGIDO;;validate_json_object(body, self.KeyUploadRequestBody);gtv2;https://github.com/element-hq/synapse/commit/26aaaf9e48fff80cf67a20c691c75d670034b3c1;https://github.com/Buzzlabs/synapse/blob/HEAD/tests/rest/client/test_keys.py;;;
guillemo12/synapse::CVE-2025-61672;P5;CVE-2025-61672;element-hq/synapse;guillemo12/synapse;server;CONFIRMED_PATCHED;1.0;CORRIGIDO;CORRIGIDO;;validate_json_object(body, self.KeyUploadRequestBody);gtv2;https://github.com/element-hq/synapse/commit/26aaaf9e48fff80cf67a20c691c75d670034b3c1;https://github.com/guillemo12/synapse/blob/HEAD/tests/rest/client/test_keys.py;;;
Gua-ra/gua-auth-service::CVE-2025-62425;P5;CVE-2025-62425;element-hq/matrix-authentication-service;Gua-ra/gua-auth-service;support;CONFIRMED_PATCHED;1.0;CORRIGIDO;CORRIGIDO;;(sem anchor de produção);proposta;https://github.com/element-hq/matrix-authentication-service/commit/bce99edb6177be11f8f38c1d01f5606ce7b4b2e5;https://github.com/Gua-ra/gua-auth-service/blob/HEAD/crates/handlers/src/graphql/tests.rs;;;
Tween-IM/tween-authentication-service::CVE-2025-62425;P5;CVE-2025-62425;element-hq/matrix-authentication-service;Tween-IM/tween-authentication-service;support;CONFIRMED_PATCHED;1.0;CORRIGIDO;CORRIGIDO;;(sem anchor de produção);proposta;https://github.com/element-hq/matrix-authentication-service/commit/bce99edb6177be11f8f38c1d01f5606ce7b4b2e5;https://github.com/Tween-IM/tween-authentication-service/blob/HEAD/crates/handlers/src/graphql/tests.rs;;;
tchapgouv/matrix-authentication-service::CVE-2025-62425;P5;CVE-2025-62425;element-hq/matrix-authentication-service;tchapgouv/matrix-authentication-service;support;CONFIRMED_PATCHED;1.0;CORRIGIDO;CORRIGIDO;;(sem anchor de produção);proposta;https://github.com/element-hq/matrix-authentication-service/commit/bce99edb6177be11f8f38c1d01f5606ce7b4b2e5;https://github.com/tchapgouv/matrix-authentication-service/blob/HEAD/crates/handlers/src/graphql/tests.rs;;;
H1d3r/element-android::CVE-2025-27606;P6;CVE-2025-27606;element-hq/element-android;H1d3r/element-android;client;CONFIRMED_PATCHED;1.0;CORRIGIDO;CORRIGIDO;;ignoreLogoutServerError = true;gtv2;https://github.com/element-hq/element-android/commit/87d7fcdc8036a4db4da8c403f87c73a64a546304;https://github.com/H1d3r/element-android/blob/HEAD/vector/src/main/java/im/vector/app/features/pin/PinFragment.kt;;;
luki-ev/synod-android::CVE-2025-27606;P6;CVE-2025-27606;element-hq/element-android;luki-ev/synod-android;client;CONFIRMED_PATCHED;1.0;CORRIGIDO;CORRIGIDO;;ignoreLogoutServerError = true;gtv2;https://github.com/element-hq/element-android/commit/87d7fcdc8036a4db4da8c403f87c73a64a546304;https://github.com/luki-ev/synod-android/blob/HEAD/vector/src/main/java/im/vector/app/features/pin/PinFragment.kt;;;
validkanaheiuser/element-android::CVE-2025-27606;P6;CVE-2025-27606;element-hq/element-android;validkanaheiuser/element-android;client;CONFIRMED_PATCHED;1.0;CORRIGIDO;CORRIGIDO;;ignoreLogoutServerError = true;gtv2;https://github.com/element-hq/element-android/commit/87d7fcdc8036a4db4da8c403f87c73a64a546304;https://github.com/validkanaheiuser/element-android/blob/HEAD/vector/src/main/java/im/vector/app/features/pin/PinFragment.kt;;;
