upstream;categoria;linguagem;cve_id;fork;status;arquivo;eh_arquivo_de_teste;fix_sha;data_fix_upstream;data_ultimo_toque_fork;lag_dias;lag_confiavel;sim_2a;delta;metrica;fork_created_at;fork_pushed_at;ahead_by;behind_by;stars
element-hq/synapse;server;python;CVE-2026-45078;guillemo12/synapse;CORRIGIDO;synapse/handlers/worker_lock.py;nao;3f58bc50dfba5768ee43ce48c5e74c25ba0b078a;2026-05-05T13:40:17Z;2026-05-12T15:10:09Z;7.1;sim;0.998;0.1777;lev_only;2026-08-13T10:17:02Z;2026-09-01T17:29:50Z;5;0;0
element-hq/synapse;server;python;CVE-2026-45078;Buzzlabs/synapse;VULNERAVEL;synapse/handlers/worker_lock.py;nao;3f58bc50dfba5768ee43ce48c5e74c25ba0b078a;2026-05-05T13:40:17Z;2025-12-01T13:55:06Z;-155.0;nao;0.822;-0.178;lev_only;2025-12-05T18:44:36Z;2026-08-27T14:55:31Z;119;576;0
element-hq/synapse;server;python;CVE-2026-45078;AliAbutorabi/Synapse;CORRIGIDO;synapse/handlers/worker_lock.py;nao;3f58bc50dfba5768ee43ce48c5e74c25ba0b078a;2026-05-05T13:40:17Z;2026-05-12T15:10:09Z;7.1;sim;0.998;0.1777;lev_only;2026-07-07T20:14:35Z;2026-08-27T08:56:57Z;5;152;0
element-hq/synapse;server;python;CVE-2026-45078;guillemo12/synapse;CORRIGIDO;tests/handlers/test_worker_lock.py;sim;3f58bc50dfba5768ee43ce48c5e74c25ba0b078a;2026-05-05T13:40:17Z;2026-07-09T09:40:53Z;64.8;sim;0.8738;0.3626;lev_only;2026-08-13T10:17:02Z;2026-09-01T17:29:50Z;5;0;0
element-hq/synapse;server;python;CVE-2026-45078;Buzzlabs/synapse;VULNERAVEL;tests/handlers/test_worker_lock.py;sim;3f58bc50dfba5768ee43ce48c5e74c25ba0b078a;2026-05-05T13:40:17Z;2025-09-22T15:27:59Z;-224.9;nao;0.5412;-0.4588;lev_only;2025-12-05T18:44:36Z;2026-08-27T14:55:31Z;119;576;0
element-hq/synapse;server;python;CVE-2026-45078;AliAbutorabi/Synapse;CORRIGIDO;tests/handlers/test_worker_lock.py;sim;3f58bc50dfba5768ee43ce48c5e74c25ba0b078a;2026-05-05T13:40:17Z;2026-05-12T15:10:09Z;7.1;sim;0.9307;0.4226;lev_only;2026-07-07T20:14:35Z;2026-08-27T08:56:57Z;5;152;0
element-hq/synapse;server;python;CVE-2025-61672;guillemo12/synapse;CORRIGIDO;synapse/rest/client/keys.py;nao;26aaaf9e48fff80cf67a20c691c75d670034b3c1;2025-10-07T10:34:07Z;2026-07-02T11:25:11Z;268.0;sim;0.861;0.1342;lev_only;2026-08-13T10:17:02Z;2026-09-01T17:29:50Z;5;0;0
element-hq/synapse;server;python;CVE-2025-61672;Buzzlabs/synapse;CORRIGIDO;synapse/rest/client/keys.py;nao;26aaaf9e48fff80cf67a20c691c75d670034b3c1;2025-10-07T10:34:07Z;2025-11-06T20:02:33Z;30.4;sim;0.9611;0.1685;lev_only;2025-12-05T18:44:36Z;2026-08-27T14:55:31Z;119;576;0
element-hq/synapse;server;python;CVE-2025-61672;AliAbutorabi/Synapse;CORRIGIDO;synapse/rest/client/keys.py;nao;26aaaf9e48fff80cf67a20c691c75d670034b3c1;2025-10-07T10:34:07Z;2026-07-02T11:25:11Z;268.0;sim;0.861;0.1342;lev_only;2026-07-07T20:14:35Z;2026-08-27T08:56:57Z;5;152;0
element-hq/synapse;server;python;CVE-2025-61672;guillemo12/synapse;CORRIGIDO;tests/rest/client/test_keys.py;sim;26aaaf9e48fff80cf67a20c691c75d670034b3c1;2025-10-07T10:34:07Z;2026-07-02T11:25:11Z;268.0;sim;0.6061;0.1231;lev_only;2026-08-13T10:17:02Z;2026-09-01T17:29:50Z;5;0;0
element-hq/synapse;server;python;CVE-2025-61672;Buzzlabs/synapse;CORRIGIDO;tests/rest/client/test_keys.py;sim;26aaaf9e48fff80cf67a20c691c75d670034b3c1;2025-10-07T10:34:07Z;2025-10-07T15:23:55Z;0.2;sim;0.9575;0.2292;lev_only;2025-12-05T18:44:36Z;2026-08-27T14:55:31Z;119;576;0
element-hq/synapse;server;python;CVE-2025-61672;AliAbutorabi/Synapse;CORRIGIDO;tests/rest/client/test_keys.py;sim;26aaaf9e48fff80cf67a20c691c75d670034b3c1;2025-10-07T10:34:07Z;2026-07-02T11:25:11Z;268.0;sim;0.6061;0.1231;lev_only;2026-07-07T20:14:35Z;2026-08-27T08:56:57Z;5;152;0
element-hq/synapse;server;python;CVE-2025-61672;guillemo12/synapse;CORRIGIDO;synapse/rest/client/keys.py;nao;7069636c2d6d1ef2022287addf3ed8b919ef2740;2025-10-07T10:41:00Z;2026-07-02T11:25:11Z;268.0;sim;0.8637;0.1329;lev_only;2026-08-13T10:17:02Z;2026-09-01T17:29:50Z;5;0;0
element-hq/synapse;server;python;CVE-2025-61672;Buzzlabs/synapse;CORRIGIDO;synapse/rest/client/keys.py;nao;7069636c2d6d1ef2022287addf3ed8b919ef2740;2025-10-07T10:41:00Z;2025-11-06T20:02:33Z;30.4;sim;0.9645;0.1682;lev_only;2025-12-05T18:44:36Z;2026-08-27T14:55:31Z;119;576;0
element-hq/synapse;server;python;CVE-2025-61672;AliAbutorabi/Synapse;CORRIGIDO;synapse/rest/client/keys.py;nao;7069636c2d6d1ef2022287addf3ed8b919ef2740;2025-10-07T10:41:00Z;2026-07-02T11:25:11Z;268.0;sim;0.8637;0.1329;lev_only;2026-07-07T20:14:35Z;2026-08-27T08:56:57Z;5;152;0
element-hq/synapse;server;python;CVE-2025-61672;guillemo12/synapse;CORRIGIDO;tests/rest/client/test_keys.py;sim;7069636c2d6d1ef2022287addf3ed8b919ef2740;2025-10-07T10:41:00Z;2026-07-02T11:25:11Z;268.0;sim;0.6061;0.1231;lev_only;2026-08-13T10:17:02Z;2026-09-01T17:29:50Z;5;0;0
element-hq/synapse;server;python;CVE-2025-61672;Buzzlabs/synapse;CORRIGIDO;tests/rest/client/test_keys.py;sim;7069636c2d6d1ef2022287addf3ed8b919ef2740;2025-10-07T10:41:00Z;2025-10-07T15:23:55Z;0.2;sim;0.9575;0.2292;lev_only;2025-12-05T18:44:36Z;2026-08-27T14:55:31Z;119;576;0
element-hq/synapse;server;python;CVE-2025-61672;AliAbutorabi/Synapse;CORRIGIDO;tests/rest/client/test_keys.py;sim;7069636c2d6d1ef2022287addf3ed8b919ef2740;2025-10-07T10:41:00Z;2026-07-02T11:25:11Z;268.0;sim;0.6061;0.1231;lev_only;2026-07-07T20:14:35Z;2026-08-27T08:56:57Z;5;152;0
element-hq/synapse;server;python;CVE-2025-30355;guillemo12/synapse;CORRIGIDO;synapse/federation/units.py;nao;2277df2a1eb685f85040ef98fa21d41aa4cdd389;2025-03-26T18:44:45Z;2025-11-06T20:02:33Z;225.1;sim;0.9724;0.2259;lev_only;2026-08-13T10:17:02Z;2026-09-01T17:29:50Z;5;0;0
element-hq/synapse;server;python;CVE-2025-30355;Buzzlabs/synapse;CORRIGIDO;synapse/federation/units.py;nao;2277df2a1eb685f85040ef98fa21d41aa4cdd389;2025-03-26T18:44:45Z;2025-11-06T20:02:33Z;225.1;sim;0.9724;0.2259;lev_only;2025-12-05T18:44:36Z;2026-08-27T14:55:31Z;119;576;0
element-hq/synapse;server;python;CVE-2025-30355;AliAbutorabi/Synapse;CORRIGIDO;synapse/federation/units.py;nao;2277df2a1eb685f85040ef98fa21d41aa4cdd389;2025-03-26T18:44:45Z;2025-11-06T20:02:33Z;225.1;sim;0.9724;0.2259;lev_only;2026-07-07T20:14:35Z;2026-08-27T08:56:57Z;5;152;0
element-hq/synapse;server;python;CVE-2024-31208;guillemo12/synapse;ZONA_INCERTEZA;synapse/storage/databases/main/events.py;nao;55b0aa847a61774b6a3acdc4b177a20dc019f01a;2024-04-23T14:25:49Z;2026-08-25T14:37:03Z;854.0;sim;0.6036;0.0169;lev_only;2026-08-13T10:17:02Z;2026-09-01T17:29:50Z;5;0;0
element-hq/synapse;server;python;CVE-2024-31208;Buzzlabs/synapse;ZONA_INCERTEZA;synapse/storage/databases/main/events.py;nao;55b0aa847a61774b6a3acdc4b177a20dc019f01a;2024-04-23T14:25:49Z;2025-11-12T16:40:38Z;568.1;sim;0.6364;0.0178;lev_only;2025-12-05T18:44:36Z;2026-08-27T14:55:31Z;119;576;0
element-hq/synapse;server;python;CVE-2024-31208;AliAbutorabi/Synapse;ZONA_INCERTEZA;synapse/storage/databases/main/events.py;nao;55b0aa847a61774b6a3acdc4b177a20dc019f01a;2024-04-23T14:25:49Z;2026-06-02T10:05:38Z;769.8;sim;0.6191;0.0173;lev_only;2026-07-07T20:14:35Z;2026-08-27T08:56:57Z;5;152;0
element-hq/synapse;server;python;CVE-2024-31208;guillemo12/synapse;CORRIGIDO;tests/storage/test_event_chain.py;sim;55b0aa847a61774b6a3acdc4b177a20dc019f01a;2024-04-23T14:25:49Z;2026-07-02T20:20:38Z;800.2;sim;0.9833;0.0917;lev_only;2026-08-13T10:17:02Z;2026-09-01T17:29:50Z;5;0;0
element-hq/synapse;server;python;CVE-2024-31208;Buzzlabs/synapse;CORRIGIDO;tests/storage/test_event_chain.py;sim;55b0aa847a61774b6a3acdc4b177a20dc019f01a;2024-04-23T14:25:49Z;2025-10-22T21:48:19Z;547.3;sim;0.9857;0.0916;lev_only;2025-12-05T18:44:36Z;2026-08-27T14:55:31Z;119;576;0
element-hq/synapse;server;python;CVE-2024-31208;AliAbutorabi/Synapse;CORRIGIDO;tests/storage/test_event_chain.py;sim;55b0aa847a61774b6a3acdc4b177a20dc019f01a;2024-04-23T14:25:49Z;2026-07-02T20:20:38Z;800.2;sim;0.9833;0.0917;lev_only;2026-07-07T20:14:35Z;2026-08-27T08:56:57Z;5;152;0
matrix-org/vodozemac;support;rust;CVE-2024-40640;CommE2E/vodozemac;CORRIGIDO;src/megolm/session_keys.rs;nao;734b6c6948d4b2bdee3dd8b4efa591d93a61d272;2024-05-20T11:52:45Z;2025-01-29T17:19:03Z;254.2;sim;0.9956;0.016;lev_only;2025-11-12T15:21:45Z;2026-01-20T02:07:54Z;25;125;1
matrix-org/vodozemac;support;rust;CVE-2024-40640;xsanm/vodozemac;CORRIGIDO;src/megolm/session_keys.rs;nao;734b6c6948d4b2bdee3dd8b4efa591d93a61d272;2024-05-20T11:52:45Z;2025-01-29T17:19:03Z;254.2;sim;0.9956;0.016;lev_only;2025-10-31T10:44:19Z;2025-10-31T10:51:29Z;1;148;0
matrix-org/vodozemac;support;rust;CVE-2024-40640;tangowhisky-dev/vodozemac;CORRIGIDO;src/megolm/session_keys.rs;nao;734b6c6948d4b2bdee3dd8b4efa591d93a61d272;2024-05-20T11:52:45Z;2025-01-29T17:19:03Z;254.2;sim;0.9956;0.016;lev_only;2025-08-29T08:50:14Z;2025-09-03T16:59:50Z;28;170;0
matrix-org/vodozemac;support;rust;CVE-2024-40640;CommE2E/vodozemac;CORRIGIDO;src/megolm/session_keys.rs;nao;77765dace11266ef9523301624a01265c6e0f790;2024-05-20T14:19:30Z;2025-01-29T17:19:03Z;254.1;sim;0.9956;0.016;lev_only;2025-11-12T15:21:45Z;2026-01-20T02:07:54Z;25;125;1
matrix-org/vodozemac;support;rust;CVE-2024-40640;xsanm/vodozemac;CORRIGIDO;src/megolm/session_keys.rs;nao;77765dace11266ef9523301624a01265c6e0f790;2024-05-20T14:19:30Z;2025-01-29T17:19:03Z;254.1;sim;0.9956;0.016;lev_only;2025-10-31T10:44:19Z;2025-10-31T10:51:29Z;1;148;0
matrix-org/vodozemac;support;rust;CVE-2024-40640;tangowhisky-dev/vodozemac;CORRIGIDO;src/megolm/session_keys.rs;nao;77765dace11266ef9523301624a01265c6e0f790;2024-05-20T14:19:30Z;2025-01-29T17:19:03Z;254.1;sim;0.9956;0.016;lev_only;2025-08-29T08:50:14Z;2025-09-03T16:59:50Z;28;170;0
element-hq/matrix-authentication-service;support;rust;CVE-2025-62425;Gua-ra/gua-auth-service;CORRIGIDO;crates/handlers/src/graphql/tests.rs;sim;bce99edb6177be11f8f38c1d01f5606ce7b4b2e5;2025-10-16T14:23:39Z;2026-04-09T16:01:53Z;175.1;sim;0.9933;0.3012;lev_only;2026-06-11T15:33:14Z;2026-09-02T02:17:34Z;39;482;0
element-hq/matrix-authentication-service;support;rust;CVE-2025-62425;tchapgouv/matrix-authentication-service;CORRIGIDO;crates/handlers/src/graphql/tests.rs;sim;bce99edb6177be11f8f38c1d01f5606ce7b4b2e5;2025-10-16T14:23:39Z;2026-04-09T16:01:53Z;175.1;sim;0.9933;0.3012;lev_only;2024-10-11T14:35:44Z;2026-08-25T12:22:50Z;122;79;0
element-hq/matrix-authentication-service;support;rust;CVE-2025-62425;Tween-IM/tween-authentication-service;CORRIGIDO;crates/handlers/src/graphql/tests.rs;sim;bce99edb6177be11f8f38c1d01f5606ce7b4b2e5;2025-10-16T14:23:39Z;2026-08-05T00:07:43Z;292.4;sim;0.659;0.1997;lev_only;2026-04-17T00:51:31Z;2026-08-05T15:33:23Z;6;77;0
element-hq/element-android;client;kotlin;CVE-2025-27606;luki-ev/synod-android;CORRIGIDO;vector/src/main/java/im/vector/app/features/pin/PinFragment.kt;nao;87d7fcdc8036a4db4da8c403f87c73a64a546304;2025-03-13T14:32:19Z;2025-02-28T08:58:49Z;-13.2;nao;1.0;;lev_only;2020-03-25T13:21:07Z;2026-08-23T19:03:08Z;272;14;5
element-hq/element-android;client;kotlin;CVE-2025-27606;H1d3r/element-android;CORRIGIDO;vector/src/main/java/im/vector/app/features/pin/PinFragment.kt;nao;87d7fcdc8036a4db4da8c403f87c73a64a546304;2025-03-13T14:32:19Z;2025-02-28T08:58:49Z;-13.2;nao;1.0;;lev_only;2025-08-01T07:36:49Z;2026-08-21T10:43:26Z;35;76;0
element-hq/element-android;client;kotlin;CVE-2025-27606;validkanaheiuser/element-android;CORRIGIDO;vector/src/main/java/im/vector/app/features/pin/PinFragment.kt;nao;87d7fcdc8036a4db4da8c403f87c73a64a546304;2025-03-13T14:32:19Z;2025-02-28T08:58:49Z;-13.2;nao;1.0;;lev_only;2026-05-16T21:20:36Z;2026-08-19T11:21:58Z;29;6;0
element-hq/element-android;client;kotlin;CVE-2024-26132;luki-ev/synod-android;CORRIGIDO;library/multipicker/src/main/java/im/vector/lib/multipicker/utils/MediaFileUtils.kt;nao;8f9695a9a8d944cb9b92568cbd76578c51d32e07;2024-02-16T10:51:56Z;2025-01-14T09:27:57Z;332.9;sim;1.0;0.0511;lev+zss;2020-03-25T13:21:07Z;2026-08-23T19:03:08Z;272;14;5
element-hq/element-android;client;kotlin;CVE-2024-26132;H1d3r/element-android;CORRIGIDO;library/multipicker/src/main/java/im/vector/lib/multipicker/utils/MediaFileUtils.kt;nao;8f9695a9a8d944cb9b92568cbd76578c51d32e07;2024-02-16T10:51:56Z;2025-01-14T09:27:57Z;332.9;sim;1.0;0.0511;lev+zss;2025-08-01T07:36:49Z;2026-08-21T10:43:26Z;35;76;0
element-hq/element-android;client;kotlin;CVE-2024-26132;validkanaheiuser/element-android;CORRIGIDO;library/multipicker/src/main/java/im/vector/lib/multipicker/utils/MediaFileUtils.kt;nao;8f9695a9a8d944cb9b92568cbd76578c51d32e07;2024-02-16T10:51:56Z;2025-01-14T09:27:57Z;332.9;sim;1.0;0.0511;lev+zss;2026-05-16T21:20:36Z;2026-08-19T11:21:58Z;29;6;0
element-hq/element-android;client;kotlin;CVE-2024-26131;luki-ev/synod-android;CORRIGIDO;vector/src/main/java/im/vector/app/features/MainActivity.kt;nao;53734255ec270b0814946350787393dfcaa2a5a9;2024-02-16T10:51:16Z;2025-07-16T13:03:13Z;516.1;sim;0.9727;0.0644;lev_only;2020-03-25T13:21:07Z;2026-08-23T19:03:08Z;272;14;5
element-hq/element-android;client;kotlin;CVE-2024-26131;H1d3r/element-android;CORRIGIDO;vector/src/main/java/im/vector/app/features/MainActivity.kt;nao;53734255ec270b0814946350787393dfcaa2a5a9;2024-02-16T10:51:16Z;2025-07-16T13:03:13Z;516.1;sim;0.9727;0.0644;lev_only;2025-08-01T07:36:49Z;2026-08-21T10:43:26Z;35;76;0
element-hq/element-android;client;kotlin;CVE-2024-26131;validkanaheiuser/element-android;CORRIGIDO;vector/src/main/java/im/vector/app/features/MainActivity.kt;nao;53734255ec270b0814946350787393dfcaa2a5a9;2024-02-16T10:51:16Z;2026-08-16T16:22:54Z;912.2;sim;0.9109;0.0627;lev_only;2026-05-16T21:20:36Z;2026-08-19T11:21:58Z;29;6;0
element-hq/element-x-android;client;kotlin;CVE-2025-27599;Gua-ra/gua-android;FILE_NOT_FOUND;features/call/impl/src/main/kotlin/io/element/android/features/call/impl/utils/CallIntentDataParser.kt;nao;dc058544d7e693c04298191c1aadd5b39c9be52e;2025-04-17T09:58:13Z;;;nao;;;lev_only;2026-06-20T09:37:38Z;2026-09-02T02:19:56Z;86;1146;0
element-hq/element-x-android;client;kotlin;CVE-2025-27599;jekahu/element-x-android;FILE_NOT_FOUND;features/call/impl/src/main/kotlin/io/element/android/features/call/impl/utils/CallIntentDataParser.kt;nao;dc058544d7e693c04298191c1aadd5b39c9be52e;2025-04-17T09:58:13Z;;;nao;;;lev_only;2026-05-12T12:48:28Z;2026-09-01T19:00:02Z;86;0;0
element-hq/element-x-android;client;kotlin;CVE-2025-27599;hayaksi1/element-x-android;FILE_NOT_FOUND;features/call/impl/src/main/kotlin/io/element/android/features/call/impl/utils/CallIntentDataParser.kt;nao;dc058544d7e693c04298191c1aadd5b39c9be52e;2025-04-17T09:58:13Z;;;nao;;;lev_only;2026-07-20T19:07:28Z;2026-09-01T19:24:32Z;297;42;0
element-hq/element-x-android;client;kotlin;CVE-2025-27599;Gua-ra/gua-android;FILE_NOT_FOUND;features/call/impl/src/test/kotlin/io/element/android/features/call/utils/CallIntentDataParserTest.kt;sim;dc058544d7e693c04298191c1aadd5b39c9be52e;2025-04-17T09:58:13Z;;;nao;;;lev_only;2026-06-20T09:37:38Z;2026-09-02T02:19:56Z;86;1146;0
element-hq/element-x-android;client;kotlin;CVE-2025-27599;jekahu/element-x-android;FILE_NOT_FOUND;features/call/impl/src/test/kotlin/io/element/android/features/call/utils/CallIntentDataParserTest.kt;sim;dc058544d7e693c04298191c1aadd5b39c9be52e;2025-04-17T09:58:13Z;;;nao;;;lev_only;2026-05-12T12:48:28Z;2026-09-01T19:00:02Z;86;0;0
element-hq/element-x-android;client;kotlin;CVE-2025-27599;hayaksi1/element-x-android;FILE_NOT_FOUND;features/call/impl/src/test/kotlin/io/element/android/features/call/utils/CallIntentDataParserTest.kt;sim;dc058544d7e693c04298191c1aadd5b39c9be52e;2025-04-17T09:58:13Z;;;nao;;;lev_only;2026-07-20T19:07:28Z;2026-09-01T19:24:32Z;297;42;0
matrix-nio/matrix-nio;sdk;python;CVE-2022-39254;mindroom-ai/mindroom-nio;FILE_NOT_FOUND;nio/crypto/olm_machine.py;nao;b1cbf234a831daa160673defd596e6450e9c29f0;2022-09-28T14:02:39Z;;;nao;;;lev_only;2026-04-28T02:43:57Z;2026-08-29T21:49:47Z;54;0;2
matrix-nio/matrix-nio;sdk;python;CVE-2022-39254;pangeachat/matrix-nio;FILE_NOT_FOUND;nio/crypto/olm_machine.py;nao;b1cbf234a831daa160673defd596e6450e9c29f0;2022-09-28T14:02:39Z;;;nao;;;lev_only;2024-02-28T17:02:47Z;2026-05-06T17:26:00Z;8;7;0
matrix-nio/matrix-nio;sdk;python;CVE-2022-39254;eleanor-clifford/matrix-nio;FILE_NOT_FOUND;nio/crypto/olm_machine.py;nao;b1cbf234a831daa160673defd596e6450e9c29f0;2022-09-28T14:02:39Z;;;nao;;;lev_only;2025-07-09T14:10:17Z;2025-09-19T11:36:23Z;24;4;0
matrix-org/matrix-rust-sdk;sdk;rust;CVE-2025-66622;zecakeh/matrix-rust-sdk;FILE_NOT_FOUND;crates/matrix-sdk-base/src/room/room_info.rs;nao;4ea0418abefab2aa93f8851a4d39c723e703e6b0;2025-12-03T15:54:58Z;;;nao;;;lev_only;2021-03-09T12:54:06Z;2026-08-31T18:26:38Z;1;10350;0
matrix-org/matrix-rust-sdk;sdk;rust;CVE-2025-66622;tchapgouv/matrix-rust-sdk;CORRIGIDO;crates/matrix-sdk-base/src/room/room_info.rs;nao;4ea0418abefab2aa93f8851a4d39c723e703e6b0;2025-12-03T15:54:58Z;2025-06-29T14:59:37Z;-157.0;nao;0.8961;-0.012;lev_only;2024-09-02T14:33:01Z;2026-08-31T17:08:21Z;6;3440;0
matrix-org/matrix-rust-sdk;sdk;rust;CVE-2025-66622;Hywan/matrix-rust-sdk;FILE_NOT_FOUND;crates/matrix-sdk-base/src/room/room_info.rs;nao;4ea0418abefab2aa93f8851a4d39c723e703e6b0;2025-12-03T15:54:58Z;;;nao;;;lev_only;2022-05-03T07:36:28Z;2026-09-01T15:15:31Z;1;6646;0
matrix-org/matrix-rust-sdk;sdk;rust;CVE-2025-66622;zecakeh/matrix-rust-sdk;NAO_CORRIGIDO;crates/matrix-sdk/tests/integration/client.rs;sim;4ea0418abefab2aa93f8851a4d39c723e703e6b0;2025-12-03T15:54:58Z;2023-01-25T17:01:12Z;-1043.0;nao;0.2757;-0.0045;lev_only;2021-03-09T12:54:06Z;2026-08-31T18:26:38Z;1;10350;0
matrix-org/matrix-rust-sdk;sdk;rust;CVE-2025-66622;tchapgouv/matrix-rust-sdk;ZONA_INCERTEZA;crates/matrix-sdk/tests/integration/client.rs;sim;4ea0418abefab2aa93f8851a4d39c723e703e6b0;2025-12-03T15:54:58Z;2025-06-03T16:22:53Z;-183.0;nao;0.7463;-0.0265;lev_only;2024-09-02T14:33:01Z;2026-08-31T17:08:21Z;6;3440;0
matrix-org/matrix-rust-sdk;sdk;rust;CVE-2025-66622;Hywan/matrix-rust-sdk;ZONA_INCERTEZA;crates/matrix-sdk/tests/integration/client.rs;sim;4ea0418abefab2aa93f8851a4d39c723e703e6b0;2025-12-03T15:54:58Z;2024-07-16T18:13:59Z;-504.9;nao;0.6604;-0.0236;lev_only;2022-05-03T07:36:28Z;2026-09-01T15:15:31Z;1;6646;0
matrix-org/matrix-rust-sdk;sdk;rust;CVE-2025-53549;zecakeh/matrix-rust-sdk;FILE_NOT_FOUND;crates/matrix-sdk-sqlite/src/event_cache_store.rs;nao;d0c01006e4808db5eb96ad5c496416f284d8bd3c;2025-07-10T11:55:02Z;;;nao;;;lev_only;2021-03-09T12:54:06Z;2026-08-31T18:26:38Z;1;10350;0
matrix-org/matrix-rust-sdk;sdk;rust;CVE-2025-53549;tchapgouv/matrix-rust-sdk;CORRIGIDO;crates/matrix-sdk-sqlite/src/event_cache_store.rs;nao;d0c01006e4808db5eb96ad5c496416f284d8bd3c;2025-07-10T11:55:02Z;2025-06-30T14:10:49Z;-9.9;nao;0.9308;-0.0209;lev_only;2024-09-02T14:33:01Z;2026-08-31T17:08:21Z;6;3440;0
matrix-org/matrix-rust-sdk;sdk;rust;CVE-2025-53549;Hywan/matrix-rust-sdk;FILE_NOT_FOUND;crates/matrix-sdk-sqlite/src/event_cache_store.rs;nao;d0c01006e4808db5eb96ad5c496416f284d8bd3c;2025-07-10T11:55:02Z;;;nao;;;lev_only;2022-05-03T07:36:28Z;2026-09-01T15:15:31Z;1;6646;0
matrix-org/matrix-rust-sdk;sdk;rust;CVE-2025-48937;zecakeh/matrix-rust-sdk;FILE_NOT_FOUND;crates/matrix-sdk-crypto/src/machine/mod.rs;nao;13c1d2048286bbabf5e7bc6b015aafee98f04d55;2025-06-10T10:07:10Z;;;nao;;;lev_only;2021-03-09T12:54:06Z;2026-08-31T18:26:38Z;1;10350;0
matrix-org/matrix-rust-sdk;sdk;rust;CVE-2025-48937;tchapgouv/matrix-rust-sdk;CORRIGIDO;crates/matrix-sdk-crypto/src/machine/mod.rs;nao;13c1d2048286bbabf5e7bc6b015aafee98f04d55;2025-06-10T10:07:10Z;2025-07-01T09:25:03Z;21.0;sim;0.9108;0.0028;lev_only;2024-09-02T14:33:01Z;2026-08-31T17:08:21Z;6;3440;0
matrix-org/matrix-rust-sdk;sdk;rust;CVE-2025-48937;Hywan/matrix-rust-sdk;FILE_NOT_FOUND;crates/matrix-sdk-crypto/src/machine/mod.rs;nao;13c1d2048286bbabf5e7bc6b015aafee98f04d55;2025-06-10T10:07:10Z;;;nao;;;lev_only;2022-05-03T07:36:28Z;2026-09-01T15:15:31Z;1;6646;0
matrix-org/matrix-rust-sdk;sdk;rust;CVE-2025-48937;zecakeh/matrix-rust-sdk;FILE_NOT_FOUND;crates/matrix-sdk-crypto/src/machine/tests/decryption_verification_state.rs;sim;13c1d2048286bbabf5e7bc6b015aafee98f04d55;2025-06-10T10:07:10Z;;;nao;;;lev_only;2021-03-09T12:54:06Z;2026-08-31T18:26:38Z;1;10350;0
matrix-org/matrix-rust-sdk;sdk;rust;CVE-2025-48937;tchapgouv/matrix-rust-sdk;CORRIGIDO;crates/matrix-sdk-crypto/src/machine/tests/decryption_verification_state.rs;sim;13c1d2048286bbabf5e7bc6b015aafee98f04d55;2025-06-10T10:07:10Z;2025-06-25T11:05:14Z;15.0;sim;0.9627;0.072;lev_only;2024-09-02T14:33:01Z;2026-08-31T17:08:21Z;6;3440;0
matrix-org/matrix-rust-sdk;sdk;rust;CVE-2025-48937;Hywan/matrix-rust-sdk;FILE_NOT_FOUND;crates/matrix-sdk-crypto/src/machine/tests/decryption_verification_state.rs;sim;13c1d2048286bbabf5e7bc6b015aafee98f04d55;2025-06-10T10:07:10Z;;;nao;;;lev_only;2022-05-03T07:36:28Z;2026-09-01T15:15:31Z;1;6646;0
matrix-org/matrix-rust-sdk;sdk;rust;CVE-2024-40648;zecakeh/matrix-rust-sdk;VULNERAVEL;crates/matrix-sdk-crypto/src/identities/user.rs;nao;76a7052149bb8f722df12da915b3a06d19a6695a;2024-07-18T14:20:47Z;2023-03-28T19:08:57Z;-477.8;nao;0.6897;-0.091;lev_only;2021-03-09T12:54:06Z;2026-08-31T18:26:38Z;1;10350;0
matrix-org/matrix-rust-sdk;sdk;rust;CVE-2024-40648;tchapgouv/matrix-rust-sdk;CORRIGIDO;crates/matrix-sdk-crypto/src/identities/user.rs;nao;76a7052149bb8f722df12da915b3a06d19a6695a;2024-07-18T14:20:47Z;2025-06-10T11:53:09Z;326.9;sim;0.5559;0.0539;lev_only;2024-09-02T14:33:01Z;2026-08-31T17:08:21Z;6;3440;0
matrix-org/matrix-rust-sdk;sdk;rust;CVE-2024-40648;Hywan/matrix-rust-sdk;CORRIGIDO;crates/matrix-sdk-crypto/src/identities/user.rs;nao;76a7052149bb8f722df12da915b3a06d19a6695a;2024-07-18T14:20:47Z;2024-07-18T15:35:09Z;0.1;sim;1.0;0.1178;lev_only;2022-05-03T07:36:28Z;2026-09-01T15:15:31Z;1;6646;0
matrix-org/matrix-rust-sdk;sdk;rust;CVE-2024-34353;zecakeh/matrix-rust-sdk;ZONA_INCERTEZA;crates/matrix-sdk/src/encryption/mod.rs;nao;71136e44c03c79f80d6d1a2446673bc4d53a2067;2023-12-20T15:38:54Z;2023-04-08T19:47:10Z;-255.8;nao;0.4485;-0.0135;lev_only;2021-03-09T12:54:06Z;2026-08-31T18:26:38Z;1;10350;0
matrix-org/matrix-rust-sdk;sdk;rust;CVE-2024-34353;tchapgouv/matrix-rust-sdk;ZONA_INCERTEZA;crates/matrix-sdk/src/encryption/mod.rs;nao;71136e44c03c79f80d6d1a2446673bc4d53a2067;2023-12-20T15:38:54Z;2025-06-27T17:54:13Z;555.1;sim;0.6512;0.0119;lev_only;2024-09-02T14:33:01Z;2026-08-31T17:08:21Z;6;3440;0
matrix-org/matrix-rust-sdk;sdk;rust;CVE-2024-34353;Hywan/matrix-rust-sdk;CORRIGIDO;crates/matrix-sdk/src/encryption/mod.rs;nao;71136e44c03c79f80d6d1a2446673bc4d53a2067;2023-12-20T15:38:54Z;2024-07-11T13:28:33Z;203.9;sim;0.8342;0.0204;lev_only;2022-05-03T07:36:28Z;2026-09-01T15:15:31Z;1;6646;0
matrix-org/matrix-rust-sdk;sdk;rust;CVE-2024-34353;zecakeh/matrix-rust-sdk;ZONA_INCERTEZA;crates/matrix-sdk-crypto/src/machine.rs;nao;fa10bbb5dd0f9120a51aa1854cec752e25790bb0;2024-05-13T10:31:26Z;2023-04-13T08:59:05Z;-396.1;nao;0.7097;-0.0129;lev_only;2021-03-09T12:54:06Z;2026-08-31T18:26:38Z;1;10350;0
matrix-org/matrix-rust-sdk;sdk;rust;CVE-2024-34353;tchapgouv/matrix-rust-sdk;FILE_NOT_FOUND;crates/matrix-sdk-crypto/src/machine.rs;nao;fa10bbb5dd0f9120a51aa1854cec752e25790bb0;2024-05-13T10:31:26Z;;;nao;;;lev_only;2024-09-02T14:33:01Z;2026-08-31T17:08:21Z;6;3440;0
matrix-org/matrix-rust-sdk;sdk;rust;CVE-2024-34353;Hywan/matrix-rust-sdk;CORRIGIDO;crates/matrix-sdk-crypto/src/machine.rs;nao;fa10bbb5dd0f9120a51aa1854cec752e25790bb0;2024-05-13T10:31:26Z;2024-07-18T14:20:47Z;66.2;sim;0.8074;0.0161;lev_only;2022-05-03T07:36:28Z;2026-09-01T15:15:31Z;1;6646;0
matrix-org/matrix-rust-sdk;sdk;rust;CVE-2022-39252;zecakeh/matrix-rust-sdk;CORRIGIDO;crates/matrix-sdk-crypto/src/gossiping/machine.rs;nao;093fb5d0aa21c0b5eaea6ec96b477f1075271cbb;2022-09-28T14:03:17Z;2023-03-28T19:08:57Z;181.2;sim;0.8155;0.0039;lev_only;2021-03-09T12:54:06Z;2026-08-31T18:26:38Z;1;10350;0
matrix-org/matrix-rust-sdk;sdk;rust;CVE-2022-39252;tchapgouv/matrix-rust-sdk;ZONA_INCERTEZA;crates/matrix-sdk-crypto/src/gossiping/machine.rs;nao;093fb5d0aa21c0b5eaea6ec96b477f1075271cbb;2022-09-28T14:03:17Z;2025-06-10T11:53:09Z;985.9;sim;0.6226;0.0042;lev_only;2024-09-02T14:33:01Z;2026-08-31T17:08:21Z;6;3440;0
matrix-org/matrix-rust-sdk;sdk;rust;CVE-2022-39252;Hywan/matrix-rust-sdk;ZONA_INCERTEZA;crates/matrix-sdk-crypto/src/gossiping/machine.rs;nao;093fb5d0aa21c0b5eaea6ec96b477f1075271cbb;2022-09-28T14:03:17Z;2024-07-16T18:13:59Z;657.2;sim;0.6297;0.0042;lev_only;2022-05-03T07:36:28Z;2026-09-01T15:15:31Z;1;6646;0
matrix-org/matrix-rust-sdk;sdk;rust;CVE-2022-39252;zecakeh/matrix-rust-sdk;CORRIGIDO;crates/matrix-sdk-crypto/src/gossiping/machine.rs;nao;41449d2cc360e347f5d4e1c154ec1e3185f11acd;2022-09-28T14:03:17Z;2023-03-28T19:08:57Z;181.2;sim;0.841;0.0255;lev_only;2021-03-09T12:54:06Z;2026-08-31T18:26:38Z;1;10350;0
matrix-org/matrix-rust-sdk;sdk;rust;CVE-2022-39252;tchapgouv/matrix-rust-sdk;ZONA_INCERTEZA;crates/matrix-sdk-crypto/src/gossiping/machine.rs;nao;41449d2cc360e347f5d4e1c154ec1e3185f11acd;2022-09-28T14:03:17Z;2025-06-10T11:53:09Z;985.9;sim;0.6425;0.02;lev_only;2024-09-02T14:33:01Z;2026-08-31T17:08:21Z;6;3440;0
matrix-org/matrix-rust-sdk;sdk;rust;CVE-2022-39252;Hywan/matrix-rust-sdk;ZONA_INCERTEZA;crates/matrix-sdk-crypto/src/gossiping/machine.rs;nao;41449d2cc360e347f5d4e1c154ec1e3185f11acd;2022-09-28T14:03:17Z;2024-07-16T18:13:59Z;657.2;sim;0.6499;0.0202;lev_only;2022-05-03T07:36:28Z;2026-09-01T15:15:31Z;1;6646;0
