categoria;cve;fork;arquivo;gt_label;gt_conf;auto_agregado;classificacao;commit_fix_upstream;arquivo_no_fork;veredito_humano;observacao
sdk;CVE-2022-39252;SchildiChat/matrix-rust-sdk;crates/matrix-sdk-crypto/src/gossiping/machine.rs;CONFIRMED_PATCHED;0.9333;ZONA_INCERTEZA;FN (GT corrigido, AST incerteza);https://github.com/matrix-org/matrix-rust-sdk/commit/093fb5d0aa21c0b5eaea6ec96b477f1075271cbb | https://github.com/matrix-org/matrix-rust-sdk/commit/41449d2cc360e347f5d4e1c154ec1e3185f11acd;https://github.com/SchildiChat/matrix-rust-sdk/blob/HEAD/crates/matrix-sdk-crypto/src/gossiping/machine.rs;;
sdk;CVE-2022-39252;matrix-construct/matrix-rust-sdk;crates/matrix-sdk-crypto/src/gossiping/machine.rs;CONFIRMED_PATCHED;0.9333;ZONA_INCERTEZA;FN (GT corrigido, AST incerteza);https://github.com/matrix-org/matrix-rust-sdk/commit/093fb5d0aa21c0b5eaea6ec96b477f1075271cbb | https://github.com/matrix-org/matrix-rust-sdk/commit/41449d2cc360e347f5d4e1c154ec1e3185f11acd;https://github.com/matrix-construct/matrix-rust-sdk/blob/HEAD/crates/matrix-sdk-crypto/src/gossiping/machine.rs;;
sdk;CVE-2022-39252;verji/matrix-rust-sdk;crates/matrix-sdk-crypto/src/gossiping/machine.rs;CONFIRMED_PATCHED;0.9333;ZONA_INCERTEZA;FN (GT corrigido, AST incerteza);https://github.com/matrix-org/matrix-rust-sdk/commit/093fb5d0aa21c0b5eaea6ec96b477f1075271cbb | https://github.com/matrix-org/matrix-rust-sdk/commit/41449d2cc360e347f5d4e1c154ec1e3185f11acd;https://github.com/verji/matrix-rust-sdk/blob/HEAD/crates/matrix-sdk-crypto/src/gossiping/machine.rs;;
sdk;CVE-2024-34353;SchildiChat/matrix-rust-sdk;crates/matrix-sdk/src/encryption/mod.rs;CONFIRMED_PATCHED;0.8667;ZONA_INCERTEZA;FN (GT corrigido, AST incerteza);https://github.com/matrix-org/matrix-rust-sdk/commit/71136e44c03c79f80d6d1a2446673bc4d53a2067;https://github.com/SchildiChat/matrix-rust-sdk/blob/HEAD/crates/matrix-sdk/src/encryption/mod.rs;;
sdk;CVE-2024-34353;matrix-construct/matrix-rust-sdk;crates/matrix-sdk/src/encryption/mod.rs;CONFIRMED_PATCHED;0.8667;ZONA_INCERTEZA;FN (GT corrigido, AST incerteza);https://github.com/matrix-org/matrix-rust-sdk/commit/71136e44c03c79f80d6d1a2446673bc4d53a2067;https://github.com/matrix-construct/matrix-rust-sdk/blob/HEAD/crates/matrix-sdk/src/encryption/mod.rs;;
sdk;CVE-2024-34353;verji/matrix-rust-sdk;crates/matrix-sdk/src/encryption/mod.rs;CONFIRMED_PATCHED;0.8667;ZONA_INCERTEZA;FN (GT corrigido, AST incerteza);https://github.com/matrix-org/matrix-rust-sdk/commit/71136e44c03c79f80d6d1a2446673bc4d53a2067;https://github.com/verji/matrix-rust-sdk/blob/HEAD/crates/matrix-sdk/src/encryption/mod.rs;;
sdk;CVE-2025-48937;SchildiChat/matrix-rust-sdk;crates/matrix-sdk-crypto/src/machine/mod.rs;CONFIRMED_PATCHED;1.0;ZONA_INCERTEZA;FN (GT corrigido, AST incerteza);https://github.com/matrix-org/matrix-rust-sdk/commit/13c1d2048286bbabf5e7bc6b015aafee98f04d55;https://github.com/SchildiChat/matrix-rust-sdk/blob/HEAD/crates/matrix-sdk-crypto/src/machine/mod.rs;;
sdk;CVE-2025-48937;verji/matrix-rust-sdk;crates/matrix-sdk-crypto/src/machine/mod.rs;CONFIRMED_PATCHED;1.0;ZONA_INCERTEZA;FN (GT corrigido, AST incerteza);https://github.com/matrix-org/matrix-rust-sdk/commit/13c1d2048286bbabf5e7bc6b015aafee98f04d55;https://github.com/verji/matrix-rust-sdk/blob/HEAD/crates/matrix-sdk-crypto/src/machine/mod.rs;;
server;CVE-2024-31208;kakahu2015/synapse;synapse/storage/databases/main/events.py;CONFIRMED_PATCHED;0.9333;ZONA_INCERTEZA;FN (GT corrigido, AST incerteza);https://github.com/element-hq/synapse/commit/55b0aa847a61774b6a3acdc4b177a20dc019f01a;https://github.com/kakahu2015/synapse/blob/HEAD/synapse/storage/databases/main/events.py;;
server;CVE-2024-31208;microchipster/synapse;synapse/storage/databases/main/events.py;CONFIRMED_PATCHED;0.9333;ZONA_INCERTEZA;FN (GT corrigido, AST incerteza);https://github.com/element-hq/synapse/commit/55b0aa847a61774b6a3acdc4b177a20dc019f01a;https://github.com/microchipster/synapse/blob/HEAD/synapse/storage/databases/main/events.py;;
server;CVE-2024-31208;shcherbak/synapse;synapse/storage/databases/main/events.py;CONFIRMED_PATCHED;0.9333;ZONA_INCERTEZA;FN (GT corrigido, AST incerteza);https://github.com/element-hq/synapse/commit/55b0aa847a61774b6a3acdc4b177a20dc019f01a;https://github.com/shcherbak/synapse/blob/HEAD/synapse/storage/databases/main/events.py;;
bridge;CVE-2023-38690;jamesjen/matrix-appservice-irc;src/irc/BridgedClient.ts;CONFIRMED_PATCHED;1.0;CORRIGIDO;TP (concordam: corrigido);https://github.com/matrix-org/matrix-appservice-irc/commit/0afb064635d37e039067b5b3d6423448b93026d3;https://github.com/jamesjen/matrix-appservice-irc/blob/HEAD/src/irc/BridgedClient.ts;;
bridge;CVE-2023-38690;oI0ck/matrix-appservice-irc;src/irc/BridgedClient.ts;CONFIRMED_PATCHED;1.0;CORRIGIDO;TP (concordam: corrigido);https://github.com/matrix-org/matrix-appservice-irc/commit/0afb064635d37e039067b5b3d6423448b93026d3;https://github.com/oI0ck/matrix-appservice-irc/blob/HEAD/src/irc/BridgedClient.ts;;
bridge;CVE-2023-38700;jamesjen/matrix-appservice-irc;src/bridge/MatrixHandler.ts;CONFIRMED_PATCHED;1.0;CORRIGIDO;TP (concordam: corrigido);https://github.com/matrix-org/matrix-appservice-irc/commit/8bbd2b69a16cbcbeffdd9b5c973fd89d61498d75;https://github.com/jamesjen/matrix-appservice-irc/blob/HEAD/src/bridge/MatrixHandler.ts;;
bridge;CVE-2023-38700;oI0ck/matrix-appservice-irc;src/bridge/MatrixHandler.ts;CONFIRMED_PATCHED;1.0;CORRIGIDO;TP (concordam: corrigido);https://github.com/matrix-org/matrix-appservice-irc/commit/8bbd2b69a16cbcbeffdd9b5c973fd89d61498d75;https://github.com/oI0ck/matrix-appservice-irc/blob/HEAD/src/bridge/MatrixHandler.ts;;
bridge;CVE-2024-39691;jamesjen/matrix-appservice-irc;src/bridge/MatrixHandler.ts;CONFIRMED_PATCHED;1.0;CORRIGIDO;TP (concordam: corrigido);https://github.com/matrix-org/matrix-appservice-irc/commit/1835e047f269001054be4c68867797aa12372a0f;https://github.com/jamesjen/matrix-appservice-irc/blob/HEAD/src/bridge/MatrixHandler.ts;;
bridge;CVE-2024-39691;oI0ck/matrix-appservice-irc;src/bridge/MatrixHandler.ts;CONFIRMED_PATCHED;1.0;CORRIGIDO;TP (concordam: corrigido);https://github.com/matrix-org/matrix-appservice-irc/commit/1835e047f269001054be4c68867797aa12372a0f;https://github.com/oI0ck/matrix-appservice-irc/blob/HEAD/src/bridge/MatrixHandler.ts;;
bridge;CVE-2024-52505;jamesjen/matrix-appservice-irc;src/provisioning/Schema.ts;CONFIRMED_PATCHED;1.0;CORRIGIDO;TP (concordam: corrigido);https://github.com/matrix-org/matrix-appservice-irc/commit/4a024eae1a992b1ea67e71a998e0b833b54221e2;https://github.com/jamesjen/matrix-appservice-irc/blob/HEAD/src/provisioning/Schema.ts;;
bridge;CVE-2024-52505;oI0ck/matrix-appservice-irc;src/provisioning/Schema.ts;CONFIRMED_PATCHED;1.0;CORRIGIDO;TP (concordam: corrigido);https://github.com/matrix-org/matrix-appservice-irc/commit/4a024eae1a992b1ea67e71a998e0b833b54221e2;https://github.com/oI0ck/matrix-appservice-irc/blob/HEAD/src/provisioning/Schema.ts;;
bridge;CVE-2025-27146;jamesjen/matrix-appservice-irc;src/irc/BridgedClient.ts;CONFIRMED_PATCHED;1.0;CORRIGIDO;TP (concordam: corrigido);https://github.com/matrix-org/matrix-appservice-irc/commit/74f02c8e11f16ed1b355700092c1aa9c036a11bd;https://github.com/jamesjen/matrix-appservice-irc/blob/HEAD/src/irc/BridgedClient.ts;;
bridge;CVE-2025-27146;oI0ck/matrix-appservice-irc;src/irc/BridgedClient.ts;CONFIRMED_PATCHED;1.0;CORRIGIDO;TP (concordam: corrigido);https://github.com/matrix-org/matrix-appservice-irc/commit/74f02c8e11f16ed1b355700092c1aa9c036a11bd;https://github.com/oI0ck/matrix-appservice-irc/blob/HEAD/src/irc/BridgedClient.ts;;
client;CVE-2024-26131;H1d3r/element-android;vector/src/main/java/im/vector/app/features/MainActivity.kt;CONFIRMED_PATCHED;1.0;CORRIGIDO;TP (concordam: corrigido);https://github.com/element-hq/element-android/commit/53734255ec270b0814946350787393dfcaa2a5a9;https://github.com/H1d3r/element-android/blob/HEAD/vector/src/main/java/im/vector/app/features/MainActivity.kt;;
client;CVE-2024-26131;SchildiChat/SchildiChat-android;vector/src/main/java/im/vector/app/features/MainActivity.kt;CONFIRMED_PATCHED;1.0;CORRIGIDO;TP (concordam: corrigido);https://github.com/element-hq/element-android/commit/53734255ec270b0814946350787393dfcaa2a5a9;https://github.com/SchildiChat/SchildiChat-android/blob/HEAD/vector/src/main/java/im/vector/app/features/MainActivity.kt;;
client;CVE-2024-26131;bincnc/element-android;vector/src/main/java/im/vector/app/features/MainActivity.kt;CONFIRMED_PATCHED;1.0;CORRIGIDO;TP (concordam: corrigido);https://github.com/element-hq/element-android/commit/53734255ec270b0814946350787393dfcaa2a5a9;https://github.com/bincnc/element-android/blob/HEAD/vector/src/main/java/im/vector/app/features/MainActivity.kt;;
client;CVE-2024-26132;H1d3r/element-android;library/multipicker/src/main/java/im/vector/lib/multipicker/utils/MediaFileUtils.kt;CONFIRMED_PATCHED;1.0;CORRIGIDO;TP (concordam: corrigido);https://github.com/element-hq/element-android/commit/8f9695a9a8d944cb9b92568cbd76578c51d32e07;https://github.com/H1d3r/element-android/blob/HEAD/library/multipicker/src/main/java/im/vector/lib/multipicker/utils/MediaFileUtils.kt;;
client;CVE-2024-26132;SchildiChat/SchildiChat-android;library/multipicker/src/main/java/im/vector/lib/multipicker/utils/MediaFileUtils.kt;CONFIRMED_PATCHED;1.0;CORRIGIDO;TP (concordam: corrigido);https://github.com/element-hq/element-android/commit/8f9695a9a8d944cb9b92568cbd76578c51d32e07;https://github.com/SchildiChat/SchildiChat-android/blob/HEAD/library/multipicker/src/main/java/im/vector/lib/multipicker/utils/MediaFileUtils.kt;;
client;CVE-2024-26132;bincnc/element-android;library/multipicker/src/main/java/im/vector/lib/multipicker/utils/MediaFileUtils.kt;CONFIRMED_PATCHED;1.0;CORRIGIDO;TP (concordam: corrigido);https://github.com/element-hq/element-android/commit/8f9695a9a8d944cb9b92568cbd76578c51d32e07;https://github.com/bincnc/element-android/blob/HEAD/library/multipicker/src/main/java/im/vector/lib/multipicker/utils/MediaFileUtils.kt;;
client;CVE-2025-27606;H1d3r/element-android;vector/src/main/java/im/vector/app/features/pin/PinFragment.kt;CONFIRMED_PATCHED;1.0;CORRIGIDO;TP (concordam: corrigido);https://github.com/element-hq/element-android/commit/87d7fcdc8036a4db4da8c403f87c73a64a546304;https://github.com/H1d3r/element-android/blob/HEAD/vector/src/main/java/im/vector/app/features/pin/PinFragment.kt;;
client;CVE-2025-27606;SchildiChat/SchildiChat-android;vector/src/main/java/im/vector/app/features/pin/PinFragment.kt;CONFIRMED_PATCHED;1.0;CORRIGIDO;TP (concordam: corrigido);https://github.com/element-hq/element-android/commit/87d7fcdc8036a4db4da8c403f87c73a64a546304;https://github.com/SchildiChat/SchildiChat-android/blob/HEAD/vector/src/main/java/im/vector/app/features/pin/PinFragment.kt;;
client;CVE-2025-27606;bincnc/element-android;vector/src/main/java/im/vector/app/features/pin/PinFragment.kt;CONFIRMED_PATCHED;1.0;CORRIGIDO;TP (concordam: corrigido);https://github.com/element-hq/element-android/commit/87d7fcdc8036a4db4da8c403f87c73a64a546304;https://github.com/bincnc/element-android/blob/HEAD/vector/src/main/java/im/vector/app/features/pin/PinFragment.kt;;
integration;CVE-2025-23197;Rath-debug/matrix-hookshot;src/github/GithubInstance.ts;CONFIRMED_PATCHED;1.0;CORRIGIDO;TP (concordam: corrigido);https://github.com/matrix-org/matrix-hookshot/commit/e51d8210233ac759e7f7dfebc2c4f1bf6ce94802;https://github.com/Rath-debug/matrix-hookshot/blob/HEAD/src/github/GithubInstance.ts;;
integration;CVE-2025-23197;maladesov/matrix-hookshot;src/github/GithubInstance.ts;CONFIRMED_PATCHED;1.0;CORRIGIDO;TP (concordam: corrigido);https://github.com/matrix-org/matrix-hookshot/commit/e51d8210233ac759e7f7dfebc2c4f1bf6ce94802;https://github.com/maladesov/matrix-hookshot/blob/HEAD/src/github/GithubInstance.ts;;
integration;CVE-2025-23197;yncyrydybyl/matrix-hookshot;src/github/GithubInstance.ts;CONFIRMED_PATCHED;1.0;CORRIGIDO;TP (concordam: corrigido);https://github.com/matrix-org/matrix-hookshot/commit/e51d8210233ac759e7f7dfebc2c4f1bf6ce94802;https://github.com/yncyrydybyl/matrix-hookshot/blob/HEAD/src/github/GithubInstance.ts;;
sdk;CVE-2025-48937;matrix-construct/matrix-rust-sdk;crates/matrix-sdk-crypto/src/machine/mod.rs;CONFIRMED_PATCHED;1.0;CORRIGIDO;TP (concordam: corrigido);https://github.com/matrix-org/matrix-rust-sdk/commit/13c1d2048286bbabf5e7bc6b015aafee98f04d55;https://github.com/matrix-construct/matrix-rust-sdk/blob/HEAD/crates/matrix-sdk-crypto/src/machine/mod.rs;;
integration;CVE-2023-43656;Rath-debug/matrix-hookshot;src/Connections/GenericHook.ts;AMBIGUOUS;0.3333;ZONA_INCERTEZA;AMBIGUO (fora das métricas);https://github.com/matrix-org/matrix-hookshot/commit/dc126afa6af86d66aefcd23a825326f405bcc894;https://github.com/Rath-debug/matrix-hookshot/blob/HEAD/src/Connections/GenericHook.ts;;
integration;CVE-2023-43656;maladesov/matrix-hookshot;src/Connections/GenericHook.ts;AMBIGUOUS;0.3333;ZONA_INCERTEZA;AMBIGUO (fora das métricas);https://github.com/matrix-org/matrix-hookshot/commit/dc126afa6af86d66aefcd23a825326f405bcc894;https://github.com/maladesov/matrix-hookshot/blob/HEAD/src/Connections/GenericHook.ts;;
integration;CVE-2023-43656;yncyrydybyl/matrix-hookshot;src/Connections/GenericHook.ts;AMBIGUOUS;0.3333;ZONA_INCERTEZA;AMBIGUO (fora das métricas);https://github.com/matrix-org/matrix-hookshot/commit/dc126afa6af86d66aefcd23a825326f405bcc894;https://github.com/yncyrydybyl/matrix-hookshot/blob/HEAD/src/Connections/GenericHook.ts;;
sdk;CVE-2025-66622;SchildiChat/matrix-rust-sdk;crates/matrix-sdk-base/src/room/room_info.rs;AMBIGUOUS;0.6667;ZONA_INCERTEZA;AMBIGUO (fora das métricas);https://github.com/matrix-org/matrix-rust-sdk/commit/4ea0418abefab2aa93f8851a4d39c723e703e6b0;https://github.com/SchildiChat/matrix-rust-sdk/blob/HEAD/crates/matrix-sdk-base/src/room/room_info.rs;;
sdk;CVE-2025-66622;matrix-construct/matrix-rust-sdk;crates/matrix-sdk-base/src/room/room_info.rs;AMBIGUOUS;0.6667;ZONA_INCERTEZA;AMBIGUO (fora das métricas);https://github.com/matrix-org/matrix-rust-sdk/commit/4ea0418abefab2aa93f8851a4d39c723e703e6b0;https://github.com/matrix-construct/matrix-rust-sdk/blob/HEAD/crates/matrix-sdk-base/src/room/room_info.rs;;
sdk;CVE-2025-66622;verji/matrix-rust-sdk;crates/matrix-sdk-base/src/room/room_info.rs;AMBIGUOUS;0.6667;ZONA_INCERTEZA;AMBIGUO (fora das métricas);https://github.com/matrix-org/matrix-rust-sdk/commit/4ea0418abefab2aa93f8851a4d39c723e703e6b0;https://github.com/verji/matrix-rust-sdk/blob/HEAD/crates/matrix-sdk-base/src/room/room_info.rs;;
server;CVE-2025-61672;kakahu2015/synapse;synapse/rest/client/keys.py;AMBIGUOUS;0.6;CORRIGIDO;AMBIGUO (fora das métricas);https://github.com/element-hq/synapse/commit/26aaaf9e48fff80cf67a20c691c75d670034b3c1 | https://github.com/element-hq/synapse/commit/7069636c2d6d1ef2022287addf3ed8b919ef2740;https://github.com/kakahu2015/synapse/blob/HEAD/synapse/rest/client/keys.py;;
server;CVE-2025-61672;microchipster/synapse;synapse/rest/client/keys.py;AMBIGUOUS;0.6;CORRIGIDO;AMBIGUO (fora das métricas);https://github.com/element-hq/synapse/commit/26aaaf9e48fff80cf67a20c691c75d670034b3c1 | https://github.com/element-hq/synapse/commit/7069636c2d6d1ef2022287addf3ed8b919ef2740;https://github.com/microchipster/synapse/blob/HEAD/synapse/rest/client/keys.py;;
server;CVE-2025-61672;shcherbak/synapse;synapse/rest/client/keys.py;AMBIGUOUS;0.6;CORRIGIDO;AMBIGUO (fora das métricas);https://github.com/element-hq/synapse/commit/26aaaf9e48fff80cf67a20c691c75d670034b3c1 | https://github.com/element-hq/synapse/commit/7069636c2d6d1ef2022287addf3ed8b919ef2740;https://github.com/shcherbak/synapse/blob/HEAD/synapse/rest/client/keys.py;;
