upstream;category;language;cve_id;fix_sha;filepath;churn;fork;fork_pushed;sha_match;status;sim_2a;label_2a;sim_patch;sim_vuln;delta;label_2b;method;ts
element-hq/element-android;client;kotlin;CVE-2025-27606;87d7fcdc8036a4db4da8c403f87c73a64a546304;vector/src/main/java/im/vector/app/features/pin/PinFragment.kt;8;H1d3r/element-android;2026-06-24T10:43:21Z;True;CORRIGIDO;1.0;CORRIGIDO;1.0;;;CORRIGIDO;lev_only;2026-07-04T16:36:07.150098+00:00
element-hq/element-android;client;kotlin;CVE-2025-27606;87d7fcdc8036a4db4da8c403f87c73a64a546304;vector/src/main/java/im/vector/app/features/pin/PinFragment.kt;8;SchildiChat/SchildiChat-android;2026-06-11T09:14:06Z;True;CORRIGIDO;1.0;CORRIGIDO;1.0;;;CORRIGIDO;lev_only;2026-07-04T16:36:07.772494+00:00
element-hq/element-android;client;kotlin;CVE-2025-27606;87d7fcdc8036a4db4da8c403f87c73a64a546304;vector/src/main/java/im/vector/app/features/pin/PinFragment.kt;8;bincnc/element-android;2026-05-23T16:19:37Z;True;CORRIGIDO;1.0;CORRIGIDO;1.0;;;CORRIGIDO;lev_only;2026-07-04T16:36:08.370843+00:00
element-hq/element-android;client;kotlin;CVE-2024-26132;8f9695a9a8d944cb9b92568cbd76578c51d32e07;library/multipicker/src/main/java/im/vector/lib/multipicker/utils/MediaFileUtils.kt;2;H1d3r/element-android;2026-06-24T10:43:21Z;False;CORRIGIDO;1.0;CORRIGIDO;1.0;0.9489;0.0511;CORRIGIDO;lev+zss;2026-07-04T16:36:25.385417+00:00
element-hq/element-android;client;kotlin;CVE-2024-26132;8f9695a9a8d944cb9b92568cbd76578c51d32e07;library/multipicker/src/main/java/im/vector/lib/multipicker/utils/MediaFileUtils.kt;2;SchildiChat/SchildiChat-android;2026-06-11T09:14:06Z;False;CORRIGIDO;1.0;CORRIGIDO;1.0;0.9489;0.0511;CORRIGIDO;lev+zss;2026-07-04T16:36:39.776822+00:00
element-hq/element-android;client;kotlin;CVE-2024-26132;8f9695a9a8d944cb9b92568cbd76578c51d32e07;library/multipicker/src/main/java/im/vector/lib/multipicker/utils/MediaFileUtils.kt;2;bincnc/element-android;2026-05-23T16:19:37Z;False;CORRIGIDO;1.0;CORRIGIDO;1.0;0.9489;0.0511;CORRIGIDO;lev+zss;2026-07-04T16:36:54.288477+00:00
element-hq/element-android;client;kotlin;CVE-2024-26131;53734255ec270b0814946350787393dfcaa2a5a9;vector/src/main/java/im/vector/app/features/MainActivity.kt;19;H1d3r/element-android;2026-06-24T10:43:21Z;False;CORRIGIDO;0.9727;CORRIGIDO;0.9727;0.9083;0.0644;CORRIGIDO;lev_only;2026-07-04T16:37:03.206470+00:00
element-hq/element-android;client;kotlin;CVE-2024-26131;53734255ec270b0814946350787393dfcaa2a5a9;vector/src/main/java/im/vector/app/features/MainActivity.kt;19;SchildiChat/SchildiChat-android;2026-06-11T09:14:06Z;False;CORRIGIDO;0.9727;CORRIGIDO;0.9727;0.9083;0.0644;CORRIGIDO;lev_only;2026-07-04T16:37:09.335614+00:00
element-hq/element-android;client;kotlin;CVE-2024-26131;53734255ec270b0814946350787393dfcaa2a5a9;vector/src/main/java/im/vector/app/features/MainActivity.kt;19;bincnc/element-android;2026-05-23T16:19:37Z;False;CORRIGIDO;0.9727;CORRIGIDO;0.9727;0.9083;0.0644;CORRIGIDO;lev_only;2026-07-04T16:37:15.599437+00:00
element-hq/synapse;server;python;CVE-2025-61672;26aaaf9e48fff80cf67a20c691c75d670034b3c1;synapse/rest/client/keys.py;150;microchipster/synapse;2026-07-03T02:42:08Z;False;CORRIGIDO;0.861;CORRIGIDO;0.861;0.7268;0.1342;CORRIGIDO;lev_only;2026-07-04T16:37:44.111115+00:00
element-hq/synapse;server;python;CVE-2025-61672;26aaaf9e48fff80cf67a20c691c75d670034b3c1;synapse/rest/client/keys.py;150;kakahu2015/synapse;2026-07-01T18:54:17Z;False;CORRIGIDO;0.8939;CORRIGIDO;0.8939;0.779;0.1149;CORRIGIDO;lev_only;2026-07-04T16:37:52.826209+00:00
element-hq/synapse;server;python;CVE-2025-61672;26aaaf9e48fff80cf67a20c691c75d670034b3c1;synapse/rest/client/keys.py;150;shcherbak/synapse;2026-06-26T21:06:43Z;False;CORRIGIDO;0.8939;CORRIGIDO;0.8939;0.779;0.1149;CORRIGIDO;lev_only;2026-07-04T16:38:01.570477+00:00
element-hq/synapse;server;python;CVE-2025-61672;7069636c2d6d1ef2022287addf3ed8b919ef2740;synapse/rest/client/keys.py;150;microchipster/synapse;2026-07-03T02:42:08Z;False;CORRIGIDO;0.8637;CORRIGIDO;0.8637;0.7308;0.1329;CORRIGIDO;lev_only;2026-07-04T16:38:32.195671+00:00
element-hq/synapse;server;python;CVE-2025-61672;7069636c2d6d1ef2022287addf3ed8b919ef2740;synapse/rest/client/keys.py;150;kakahu2015/synapse;2026-07-01T18:54:17Z;False;CORRIGIDO;0.8969;CORRIGIDO;0.8969;0.7827;0.1142;CORRIGIDO;lev_only;2026-07-04T16:38:40.635991+00:00
element-hq/synapse;server;python;CVE-2025-61672;7069636c2d6d1ef2022287addf3ed8b919ef2740;synapse/rest/client/keys.py;150;shcherbak/synapse;2026-06-26T21:06:43Z;False;CORRIGIDO;0.8969;CORRIGIDO;0.8969;0.7827;0.1142;CORRIGIDO;lev_only;2026-07-04T16:38:49.205566+00:00
element-hq/synapse;server;python;CVE-2024-31208;55b0aa847a61774b6a3acdc4b177a20dc019f01a;synapse/storage/databases/main/events.py;108;microchipster/synapse;2026-07-03T02:42:08Z;False;ZONA_INCERTEZA;0.6191;ZONA_INCERTEZA;0.6191;0.6018;0.0173;ZONA_INCERTEZA;lev_only;2026-07-04T16:41:44.459960+00:00
element-hq/synapse;server;python;CVE-2024-31208;55b0aa847a61774b6a3acdc4b177a20dc019f01a;synapse/storage/databases/main/events.py;108;kakahu2015/synapse;2026-07-01T18:54:17Z;False;ZONA_INCERTEZA;0.6191;ZONA_INCERTEZA;0.6191;0.6018;0.0173;ZONA_INCERTEZA;lev_only;2026-07-04T16:44:13.162965+00:00
element-hq/synapse;server;python;CVE-2024-31208;55b0aa847a61774b6a3acdc4b177a20dc019f01a;synapse/storage/databases/main/events.py;108;shcherbak/synapse;2026-06-26T21:06:43Z;False;ZONA_INCERTEZA;0.6191;ZONA_INCERTEZA;0.6191;0.6018;0.0173;ZONA_INCERTEZA;lev_only;2026-07-04T16:46:41.918545+00:00
matrix-org/matrix-rust-sdk;sdk;rust;CVE-2025-66622;4ea0418abefab2aa93f8851a4d39c723e703e6b0;crates/matrix-sdk-base/src/room/room_info.rs;24;SchildiChat/matrix-rust-sdk;2026-07-03T08:49:00Z;False;ZONA_INCERTEZA;0.5727;ZONA_INCERTEZA;0.5727;0.5726;0.0001;ZONA_INCERTEZA;lev_only;2026-07-04T16:50:15.971645+00:00
matrix-org/matrix-rust-sdk;sdk;rust;CVE-2025-66622;4ea0418abefab2aa93f8851a4d39c723e703e6b0;crates/matrix-sdk-base/src/room/room_info.rs;24;verji/matrix-rust-sdk;2026-07-02T07:12:40Z;False;ZONA_INCERTEZA;0.5866;ZONA_INCERTEZA;0.5866;0.5876;-0.0009;ZONA_INCERTEZA;lev_only;2026-07-04T16:52:15.008783+00:00
matrix-org/matrix-rust-sdk;sdk;rust;CVE-2025-66622;4ea0418abefab2aa93f8851a4d39c723e703e6b0;crates/matrix-sdk-base/src/room/room_info.rs;24;matrix-construct/matrix-rust-sdk;2026-06-30T07:08:44Z;False;ZONA_INCERTEZA;0.5866;ZONA_INCERTEZA;0.5866;0.5876;-0.0009;ZONA_INCERTEZA;lev_only;2026-07-04T16:54:11.279624+00:00
matrix-org/matrix-rust-sdk;sdk;rust;CVE-2022-39252;093fb5d0aa21c0b5eaea6ec96b477f1075271cbb;crates/matrix-sdk-crypto/src/gossiping/machine.rs;33;SchildiChat/matrix-rust-sdk;2026-07-03T08:49:00Z;False;ZONA_INCERTEZA;0.5386;ZONA_INCERTEZA;0.5386;0.541;-0.0024;ZONA_INCERTEZA;lev_only;2026-07-04T17:09:25.499202+00:00
matrix-org/matrix-rust-sdk;sdk;rust;CVE-2022-39252;093fb5d0aa21c0b5eaea6ec96b477f1075271cbb;crates/matrix-sdk-crypto/src/gossiping/machine.rs;33;verji/matrix-rust-sdk;2026-07-02T07:12:40Z;False;ZONA_INCERTEZA;0.5386;ZONA_INCERTEZA;0.5386;0.541;-0.0024;ZONA_INCERTEZA;lev_only;2026-07-04T17:12:15.195029+00:00
matrix-org/matrix-rust-sdk;sdk;rust;CVE-2022-39252;093fb5d0aa21c0b5eaea6ec96b477f1075271cbb;crates/matrix-sdk-crypto/src/gossiping/machine.rs;33;matrix-construct/matrix-rust-sdk;2026-06-30T07:08:44Z;False;ZONA_INCERTEZA;0.5386;ZONA_INCERTEZA;0.5386;0.541;-0.0024;ZONA_INCERTEZA;lev_only;2026-07-04T17:15:06.048855+00:00
matrix-org/matrix-rust-sdk;sdk;rust;CVE-2022-39252;41449d2cc360e347f5d4e1c154ec1e3185f11acd;crates/matrix-sdk-crypto/src/gossiping/machine.rs;64;SchildiChat/matrix-rust-sdk;2026-07-03T08:49:00Z;False;ZONA_INCERTEZA;0.556;ZONA_INCERTEZA;0.556;0.5386;0.0174;ZONA_INCERTEZA;lev_only;2026-07-04T17:18:03.518729+00:00
matrix-org/matrix-rust-sdk;sdk;rust;CVE-2022-39252;41449d2cc360e347f5d4e1c154ec1e3185f11acd;crates/matrix-sdk-crypto/src/gossiping/machine.rs;64;verji/matrix-rust-sdk;2026-07-02T07:12:40Z;False;ZONA_INCERTEZA;0.556;ZONA_INCERTEZA;0.556;0.5386;0.0174;ZONA_INCERTEZA;lev_only;2026-07-04T17:20:55.401815+00:00
matrix-org/matrix-rust-sdk;sdk;rust;CVE-2022-39252;41449d2cc360e347f5d4e1c154ec1e3185f11acd;crates/matrix-sdk-crypto/src/gossiping/machine.rs;64;matrix-construct/matrix-rust-sdk;2026-06-30T07:08:44Z;False;ZONA_INCERTEZA;0.556;ZONA_INCERTEZA;0.556;0.5386;0.0174;ZONA_INCERTEZA;lev_only;2026-07-04T17:23:49.893601+00:00
matrix-org/matrix-rust-sdk;sdk;rust;CVE-2025-48937;13c1d2048286bbabf5e7bc6b015aafee98f04d55;crates/matrix-sdk-crypto/src/machine/mod.rs;26;SchildiChat/matrix-rust-sdk;2026-07-03T08:49:00Z;False;ZONA_INCERTEZA;0.8;ZONA_INCERTEZA;0.8;0.798;0.002;ZONA_INCERTEZA;lev_only;2026-07-04T17:27:04.900775+00:00
matrix-org/matrix-rust-sdk;sdk;rust;CVE-2025-48937;13c1d2048286bbabf5e7bc6b015aafee98f04d55;crates/matrix-sdk-crypto/src/machine/mod.rs;26;verji/matrix-rust-sdk;2026-07-02T07:12:40Z;False;ZONA_INCERTEZA;0.8;ZONA_INCERTEZA;0.8;0.798;0.002;ZONA_INCERTEZA;lev_only;2026-07-04T17:31:47.029455+00:00
matrix-org/matrix-rust-sdk;sdk;rust;CVE-2025-48937;13c1d2048286bbabf5e7bc6b015aafee98f04d55;crates/matrix-sdk-crypto/src/machine/mod.rs;26;matrix-construct/matrix-rust-sdk;2026-06-30T07:08:44Z;False;CORRIGIDO;0.8181;CORRIGIDO;0.8181;0.8161;0.002;ZONA_INCERTEZA;lev_only;2026-07-04T17:38:03.315890+00:00
matrix-org/matrix-rust-sdk;sdk;rust;CVE-2024-34353;71136e44c03c79f80d6d1a2446673bc4d53a2067;crates/matrix-sdk/src/encryption/mod.rs;27;SchildiChat/matrix-rust-sdk;2026-07-03T08:49:00Z;False;ZONA_INCERTEZA;0.5102;ZONA_INCERTEZA;0.5102;0.4965;0.0138;ZONA_INCERTEZA;lev_only;2026-07-04T17:43:44.100178+00:00
matrix-org/matrix-rust-sdk;sdk;rust;CVE-2024-34353;71136e44c03c79f80d6d1a2446673bc4d53a2067;crates/matrix-sdk/src/encryption/mod.rs;27;verji/matrix-rust-sdk;2026-07-02T07:12:40Z;False;ZONA_INCERTEZA;0.5102;ZONA_INCERTEZA;0.5102;0.4965;0.0138;ZONA_INCERTEZA;lev_only;2026-07-04T17:47:38.893248+00:00
matrix-org/matrix-rust-sdk;sdk;rust;CVE-2024-34353;71136e44c03c79f80d6d1a2446673bc4d53a2067;crates/matrix-sdk/src/encryption/mod.rs;27;matrix-construct/matrix-rust-sdk;2026-06-30T07:08:44Z;False;ZONA_INCERTEZA;0.5103;ZONA_INCERTEZA;0.5103;0.4965;0.0138;ZONA_INCERTEZA;lev_only;2026-07-04T17:51:26.029903+00:00
matrix-org/matrix-rust-sdk;sdk;rust;CVE-2024-34353;fa10bbb5dd0f9120a51aa1854cec752e25790bb0;crates/matrix-sdk-crypto/src/machine.rs;78;SchildiChat/matrix-rust-sdk;2026-07-03T08:49:00Z;False;FILE_NOT_FOUND;;FILE_NOT_FOUND;;;;FILE_NOT_FOUND;lev_only;2026-07-04T17:51:29.847930+00:00
matrix-org/matrix-rust-sdk;sdk;rust;CVE-2024-34353;fa10bbb5dd0f9120a51aa1854cec752e25790bb0;crates/matrix-sdk-crypto/src/machine.rs;78;verji/matrix-rust-sdk;2026-07-02T07:12:40Z;False;FILE_NOT_FOUND;;FILE_NOT_FOUND;;;;FILE_NOT_FOUND;lev_only;2026-07-04T17:51:30.100700+00:00
matrix-org/matrix-rust-sdk;sdk;rust;CVE-2024-34353;fa10bbb5dd0f9120a51aa1854cec752e25790bb0;crates/matrix-sdk-crypto/src/machine.rs;78;matrix-construct/matrix-rust-sdk;2026-06-30T07:08:44Z;False;FILE_NOT_FOUND;;FILE_NOT_FOUND;;;;FILE_NOT_FOUND;lev_only;2026-07-04T17:51:30.347200+00:00
matrix-org/matrix-appservice-irc;bridge;typescript;CVE-2023-38690;0afb064635d37e039067b5b3d6423448b93026d3;src/irc/BridgedClient.ts;2;oI0ck/matrix-appservice-irc;2025-08-05T11:02:52Z;False;CORRIGIDO;0.9961;CORRIGIDO;0.9961;0.996;0.0001;ZONA_INCERTEZA;lev_only;2026-07-04T17:53:54.170937+00:00
matrix-org/matrix-appservice-irc;bridge;typescript;CVE-2023-38690;0afb064635d37e039067b5b3d6423448b93026d3;src/irc/BridgedClient.ts;2;jamesjen/matrix-appservice-irc;2025-07-31T21:47:42Z;False;CORRIGIDO;0.9961;CORRIGIDO;0.9961;0.996;0.0001;ZONA_INCERTEZA;lev_only;2026-07-04T17:55:54.320497+00:00
matrix-org/matrix-appservice-irc;bridge;typescript;CVE-2023-38700;8bbd2b69a16cbcbeffdd9b5c973fd89d61498d75;src/bridge/MatrixHandler.ts;45;oI0ck/matrix-appservice-irc;2025-08-05T11:02:52Z;False;CORRIGIDO;0.9561;CORRIGIDO;0.9561;0.9493;0.0068;ZONA_INCERTEZA;lev_only;2026-07-04T17:58:50.282882+00:00
matrix-org/matrix-appservice-irc;bridge;typescript;CVE-2023-38700;8bbd2b69a16cbcbeffdd9b5c973fd89d61498d75;src/bridge/MatrixHandler.ts;45;jamesjen/matrix-appservice-irc;2025-07-31T21:47:42Z;False;CORRIGIDO;0.9561;CORRIGIDO;0.9561;0.9493;0.0068;ZONA_INCERTEZA;lev_only;2026-07-04T18:01:35.122366+00:00
matrix-org/matrix-appservice-irc;bridge;typescript;CVE-2024-39691;1835e047f269001054be4c68867797aa12372a0f;src/bridge/MatrixHandler.ts;2;oI0ck/matrix-appservice-irc;2025-08-05T11:02:52Z;False;CORRIGIDO;0.9942;CORRIGIDO;0.9942;0.9937;0.0005;ZONA_INCERTEZA;lev_only;2026-07-04T18:03:19.732486+00:00
matrix-org/matrix-appservice-irc;bridge;typescript;CVE-2024-39691;1835e047f269001054be4c68867797aa12372a0f;src/bridge/MatrixHandler.ts;2;jamesjen/matrix-appservice-irc;2025-07-31T21:47:42Z;False;CORRIGIDO;0.9942;CORRIGIDO;0.9942;0.9937;0.0005;ZONA_INCERTEZA;lev_only;2026-07-04T18:05:08.016688+00:00
matrix-org/matrix-appservice-irc;bridge;typescript;CVE-2024-52505;4a024eae1a992b1ea67e71a998e0b833b54221e2;src/provisioning/Schema.ts;4;oI0ck/matrix-appservice-irc;2025-08-05T11:02:52Z;False;CORRIGIDO;0.9944;CORRIGIDO;0.9944;0.9907;0.0038;ZONA_INCERTEZA;lev_only;2026-07-04T18:05:12.704153+00:00
matrix-org/matrix-appservice-irc;bridge;typescript;CVE-2024-52505;4a024eae1a992b1ea67e71a998e0b833b54221e2;src/provisioning/Schema.ts;4;jamesjen/matrix-appservice-irc;2025-07-31T21:47:42Z;False;CORRIGIDO;0.9944;CORRIGIDO;0.9944;0.9907;0.0038;ZONA_INCERTEZA;lev_only;2026-07-04T18:05:14.401384+00:00
matrix-org/matrix-appservice-irc;bridge;typescript;CVE-2025-27146;74f02c8e11f16ed1b355700092c1aa9c036a11bd;src/irc/BridgedClient.ts;8;oI0ck/matrix-appservice-irc;2025-08-05T11:02:52Z;True;CORRIGIDO;1.0;CORRIGIDO;1.0;;;CORRIGIDO;lev_only;2026-07-04T18:05:17.866357+00:00
matrix-org/matrix-appservice-irc;bridge;typescript;CVE-2025-27146;74f02c8e11f16ed1b355700092c1aa9c036a11bd;src/irc/BridgedClient.ts;8;jamesjen/matrix-appservice-irc;2025-07-31T21:47:42Z;True;CORRIGIDO;1.0;CORRIGIDO;1.0;;;CORRIGIDO;lev_only;2026-07-04T18:05:18.502235+00:00
matrix-org/matrix-hookshot;integration;typescript;CVE-2025-23197;e51d8210233ac759e7f7dfebc2c4f1bf6ce94802;src/github/GithubInstance.ts;10;maladesov/matrix-hookshot;2026-05-26T20:13:41Z;False;CORRIGIDO;0.9502;CORRIGIDO;0.9502;0.9225;0.0276;ZONA_INCERTEZA;lev_only;2026-07-04T18:05:40.362965+00:00
matrix-org/matrix-hookshot;integration;typescript;CVE-2025-23197;e51d8210233ac759e7f7dfebc2c4f1bf6ce94802;src/github/GithubInstance.ts;10;yncyrydybyl/matrix-hookshot;2026-04-22T00:28:48Z;False;CORRIGIDO;0.9502;CORRIGIDO;0.9502;0.9225;0.0276;ZONA_INCERTEZA;lev_only;2026-07-04T18:05:48.102166+00:00
matrix-org/matrix-hookshot;integration;typescript;CVE-2025-23197;e51d8210233ac759e7f7dfebc2c4f1bf6ce94802;src/github/GithubInstance.ts;10;Rath-debug/matrix-hookshot;2026-03-12T08:30:35Z;False;CORRIGIDO;0.9502;CORRIGIDO;0.9502;0.9225;0.0276;ZONA_INCERTEZA;lev_only;2026-07-04T18:05:55.489598+00:00
matrix-org/matrix-hookshot;integration;typescript;CVE-2023-43656;dc126afa6af86d66aefcd23a825326f405bcc894;src/Connections/GenericHook.ts;105;maladesov/matrix-hookshot;2026-05-26T20:13:41Z;False;ZONA_INCERTEZA;0.5136;ZONA_INCERTEZA;0.5136;0.5007;0.0128;ZONA_INCERTEZA;lev_only;2026-07-04T18:06:29.221088+00:00
matrix-org/matrix-hookshot;integration;typescript;CVE-2023-43656;dc126afa6af86d66aefcd23a825326f405bcc894;src/Connections/GenericHook.ts;105;yncyrydybyl/matrix-hookshot;2026-04-22T00:28:48Z;False;ZONA_INCERTEZA;0.5457;ZONA_INCERTEZA;0.5457;0.5301;0.0155;ZONA_INCERTEZA;lev_only;2026-07-04T18:06:58.786911+00:00
matrix-org/matrix-hookshot;integration;typescript;CVE-2023-43656;dc126afa6af86d66aefcd23a825326f405bcc894;src/Connections/GenericHook.ts;105;Rath-debug/matrix-hookshot;2026-03-12T08:30:35Z;False;ZONA_INCERTEZA;0.5457;ZONA_INCERTEZA;0.5457;0.5301;0.0155;ZONA_INCERTEZA;lev_only;2026-07-04T18:07:27.488888+00:00
