upstream;category;cve;fork;fix_sha;filepath;tipo;auto_status;sim_ast;gt_label;gt_confidence;is_removal_patch;lines_checked;lines_present;lines_absent;evidence_file
element-hq/element-android;client;CVE-2025-27606;H1d3r/element-android;87d7fcdc8036a4db4da8c403f87c73a64a546304;vector/src/main/java/im/vector/app/features/pin/PinFragment.kt;L1_SHA;CORRIGIDO;1.0;CONFIRMED_PATCHED;1.0;False;0;0;0;
element-hq/element-android;client;CVE-2025-27606;SchildiChat/SchildiChat-android;87d7fcdc8036a4db4da8c403f87c73a64a546304;vector/src/main/java/im/vector/app/features/pin/PinFragment.kt;L1_SHA;CORRIGIDO;1.0;CONFIRMED_PATCHED;1.0;False;0;0;0;
element-hq/element-android;client;CVE-2025-27606;bincnc/element-android;87d7fcdc8036a4db4da8c403f87c73a64a546304;vector/src/main/java/im/vector/app/features/pin/PinFragment.kt;L1_SHA;CORRIGIDO;1.0;CONFIRMED_PATCHED;1.0;False;0;0;0;
element-hq/element-android;client;CVE-2024-26132;H1d3r/element-android;8f9695a9a8d944cb9b92568cbd76578c51d32e07;library/multipicker/src/main/java/im/vector/lib/multipicker/utils/MediaFileUtils.kt;L2_CORRIGIDO;CORRIGIDO;1.0;CONFIRMED_PATCHED;1.0;False;1;1;0;evidencias_gt_dissertacao/CVE-2024-26132/H1d3r_element-android_8f9695a9_library_multipicker_src_main_java_im_vector_lib_multipicker_utils_MediaFileUtils.kt
element-hq/element-android;client;CVE-2024-26132;SchildiChat/SchildiChat-android;8f9695a9a8d944cb9b92568cbd76578c51d32e07;library/multipicker/src/main/java/im/vector/lib/multipicker/utils/MediaFileUtils.kt;L2_CORRIGIDO;CORRIGIDO;1.0;CONFIRMED_PATCHED;1.0;False;1;1;0;evidencias_gt_dissertacao/CVE-2024-26132/SchildiChat_SchildiChat-android_8f9695a9_library_multipicker_src_main_java_im_vector_lib_multipicker_utils_MediaFileUtils.kt
element-hq/element-android;client;CVE-2024-26132;bincnc/element-android;8f9695a9a8d944cb9b92568cbd76578c51d32e07;library/multipicker/src/main/java/im/vector/lib/multipicker/utils/MediaFileUtils.kt;L2_CORRIGIDO;CORRIGIDO;1.0;CONFIRMED_PATCHED;1.0;False;1;1;0;evidencias_gt_dissertacao/CVE-2024-26132/bincnc_element-android_8f9695a9_library_multipicker_src_main_java_im_vector_lib_multipicker_utils_MediaFileUtils.kt
element-hq/element-android;client;CVE-2024-26131;H1d3r/element-android;53734255ec270b0814946350787393dfcaa2a5a9;vector/src/main/java/im/vector/app/features/MainActivity.kt;L2_CORRIGIDO;CORRIGIDO;0.9727;CONFIRMED_PATCHED;1.0;False;15;15;0;evidencias_gt_dissertacao/CVE-2024-26131/H1d3r_element-android_53734255_vector_src_main_java_im_vector_app_features_MainActivity.kt
element-hq/element-android;client;CVE-2024-26131;SchildiChat/SchildiChat-android;53734255ec270b0814946350787393dfcaa2a5a9;vector/src/main/java/im/vector/app/features/MainActivity.kt;L2_CORRIGIDO;CORRIGIDO;0.9727;CONFIRMED_PATCHED;1.0;False;15;15;0;evidencias_gt_dissertacao/CVE-2024-26131/SchildiChat_SchildiChat-android_53734255_vector_src_main_java_im_vector_app_features_MainActivity.kt
element-hq/element-android;client;CVE-2024-26131;bincnc/element-android;53734255ec270b0814946350787393dfcaa2a5a9;vector/src/main/java/im/vector/app/features/MainActivity.kt;L2_CORRIGIDO;CORRIGIDO;0.9727;CONFIRMED_PATCHED;1.0;False;15;15;0;evidencias_gt_dissertacao/CVE-2024-26131/bincnc_element-android_53734255_vector_src_main_java_im_vector_app_features_MainActivity.kt
element-hq/synapse;server;CVE-2025-61672;microchipster/synapse;26aaaf9e48fff80cf67a20c691c75d670034b3c1;synapse/rest/client/keys.py;L2_CORRIGIDO;CORRIGIDO;0.861;AMBIGUOUS;0.6;False;15;9;6;evidencias_gt_dissertacao/CVE-2025-61672/microchipster_synapse_26aaaf9e_synapse_rest_client_keys.py
element-hq/synapse;server;CVE-2025-61672;kakahu2015/synapse;26aaaf9e48fff80cf67a20c691c75d670034b3c1;synapse/rest/client/keys.py;L2_CORRIGIDO;CORRIGIDO;0.8939;AMBIGUOUS;0.6;False;15;9;6;evidencias_gt_dissertacao/CVE-2025-61672/kakahu2015_synapse_26aaaf9e_synapse_rest_client_keys.py
element-hq/synapse;server;CVE-2025-61672;shcherbak/synapse;26aaaf9e48fff80cf67a20c691c75d670034b3c1;synapse/rest/client/keys.py;L2_CORRIGIDO;CORRIGIDO;0.8939;AMBIGUOUS;0.6;False;15;9;6;evidencias_gt_dissertacao/CVE-2025-61672/shcherbak_synapse_26aaaf9e_synapse_rest_client_keys.py
element-hq/synapse;server;CVE-2025-61672;microchipster/synapse;7069636c2d6d1ef2022287addf3ed8b919ef2740;synapse/rest/client/keys.py;L2_CORRIGIDO;CORRIGIDO;0.8637;AMBIGUOUS;0.6;False;15;9;6;evidencias_gt_dissertacao/CVE-2025-61672/microchipster_synapse_7069636c_synapse_rest_client_keys.py
element-hq/synapse;server;CVE-2025-61672;kakahu2015/synapse;7069636c2d6d1ef2022287addf3ed8b919ef2740;synapse/rest/client/keys.py;L2_CORRIGIDO;CORRIGIDO;0.8969;AMBIGUOUS;0.6;False;15;9;6;evidencias_gt_dissertacao/CVE-2025-61672/kakahu2015_synapse_7069636c_synapse_rest_client_keys.py
element-hq/synapse;server;CVE-2025-61672;shcherbak/synapse;7069636c2d6d1ef2022287addf3ed8b919ef2740;synapse/rest/client/keys.py;L2_CORRIGIDO;CORRIGIDO;0.8969;AMBIGUOUS;0.6;False;15;9;6;evidencias_gt_dissertacao/CVE-2025-61672/shcherbak_synapse_7069636c_synapse_rest_client_keys.py
element-hq/synapse;server;CVE-2024-31208;microchipster/synapse;55b0aa847a61774b6a3acdc4b177a20dc019f01a;synapse/storage/databases/main/events.py;ZONA_INCERTEZA;ZONA_INCERTEZA;0.6191;CONFIRMED_PATCHED;0.9333;False;15;14;1;evidencias_gt_dissertacao/CVE-2024-31208/microchipster_synapse_55b0aa84_synapse_storage_databases_main_events.py
element-hq/synapse;server;CVE-2024-31208;kakahu2015/synapse;55b0aa847a61774b6a3acdc4b177a20dc019f01a;synapse/storage/databases/main/events.py;ZONA_INCERTEZA;ZONA_INCERTEZA;0.6191;CONFIRMED_PATCHED;0.9333;False;15;14;1;evidencias_gt_dissertacao/CVE-2024-31208/kakahu2015_synapse_55b0aa84_synapse_storage_databases_main_events.py
element-hq/synapse;server;CVE-2024-31208;shcherbak/synapse;55b0aa847a61774b6a3acdc4b177a20dc019f01a;synapse/storage/databases/main/events.py;ZONA_INCERTEZA;ZONA_INCERTEZA;0.6191;CONFIRMED_PATCHED;0.9333;False;15;14;1;evidencias_gt_dissertacao/CVE-2024-31208/shcherbak_synapse_55b0aa84_synapse_storage_databases_main_events.py
matrix-org/matrix-rust-sdk;sdk;CVE-2025-66622;SchildiChat/matrix-rust-sdk;4ea0418abefab2aa93f8851a4d39c723e703e6b0;crates/matrix-sdk-base/src/room/room_info.rs;ZONA_INCERTEZA;ZONA_INCERTEZA;0.5727;AMBIGUOUS;0.6667;False;15;10;5;evidencias_gt_dissertacao/CVE-2025-66622/SchildiChat_matrix-rust-sdk_4ea0418a_crates_matrix-sdk-base_src_room_room_info.rs
matrix-org/matrix-rust-sdk;sdk;CVE-2025-66622;verji/matrix-rust-sdk;4ea0418abefab2aa93f8851a4d39c723e703e6b0;crates/matrix-sdk-base/src/room/room_info.rs;ZONA_INCERTEZA;ZONA_INCERTEZA;0.5866;AMBIGUOUS;0.6667;False;15;10;5;evidencias_gt_dissertacao/CVE-2025-66622/verji_matrix-rust-sdk_4ea0418a_crates_matrix-sdk-base_src_room_room_info.rs
matrix-org/matrix-rust-sdk;sdk;CVE-2025-66622;matrix-construct/matrix-rust-sdk;4ea0418abefab2aa93f8851a4d39c723e703e6b0;crates/matrix-sdk-base/src/room/room_info.rs;ZONA_INCERTEZA;ZONA_INCERTEZA;0.5866;AMBIGUOUS;0.6667;False;15;10;5;evidencias_gt_dissertacao/CVE-2025-66622/matrix-construct_matrix-rust-sdk_4ea0418a_crates_matrix-sdk-base_src_room_room_info.rs
matrix-org/matrix-rust-sdk;sdk;CVE-2022-39252;SchildiChat/matrix-rust-sdk;093fb5d0aa21c0b5eaea6ec96b477f1075271cbb;crates/matrix-sdk-crypto/src/gossiping/machine.rs;ZONA_INCERTEZA;ZONA_INCERTEZA;0.5386;CONFIRMED_PATCHED;0.9333;False;15;14;1;evidencias_gt_dissertacao/CVE-2022-39252/SchildiChat_matrix-rust-sdk_093fb5d0_crates_matrix-sdk-crypto_src_gossiping_machine.rs
matrix-org/matrix-rust-sdk;sdk;CVE-2022-39252;verji/matrix-rust-sdk;093fb5d0aa21c0b5eaea6ec96b477f1075271cbb;crates/matrix-sdk-crypto/src/gossiping/machine.rs;ZONA_INCERTEZA;ZONA_INCERTEZA;0.5386;CONFIRMED_PATCHED;0.9333;False;15;14;1;evidencias_gt_dissertacao/CVE-2022-39252/verji_matrix-rust-sdk_093fb5d0_crates_matrix-sdk-crypto_src_gossiping_machine.rs
matrix-org/matrix-rust-sdk;sdk;CVE-2022-39252;matrix-construct/matrix-rust-sdk;093fb5d0aa21c0b5eaea6ec96b477f1075271cbb;crates/matrix-sdk-crypto/src/gossiping/machine.rs;ZONA_INCERTEZA;ZONA_INCERTEZA;0.5386;CONFIRMED_PATCHED;0.9333;False;15;14;1;evidencias_gt_dissertacao/CVE-2022-39252/matrix-construct_matrix-rust-sdk_093fb5d0_crates_matrix-sdk-crypto_src_gossiping_machine.rs
matrix-org/matrix-rust-sdk;sdk;CVE-2022-39252;SchildiChat/matrix-rust-sdk;41449d2cc360e347f5d4e1c154ec1e3185f11acd;crates/matrix-sdk-crypto/src/gossiping/machine.rs;ZONA_INCERTEZA;ZONA_INCERTEZA;0.556;CONFIRMED_PATCHED;0.8;False;15;12;3;evidencias_gt_dissertacao/CVE-2022-39252/SchildiChat_matrix-rust-sdk_41449d2c_crates_matrix-sdk-crypto_src_gossiping_machine.rs
matrix-org/matrix-rust-sdk;sdk;CVE-2022-39252;verji/matrix-rust-sdk;41449d2cc360e347f5d4e1c154ec1e3185f11acd;crates/matrix-sdk-crypto/src/gossiping/machine.rs;ZONA_INCERTEZA;ZONA_INCERTEZA;0.556;CONFIRMED_PATCHED;0.8;False;15;12;3;evidencias_gt_dissertacao/CVE-2022-39252/verji_matrix-rust-sdk_41449d2c_crates_matrix-sdk-crypto_src_gossiping_machine.rs
matrix-org/matrix-rust-sdk;sdk;CVE-2022-39252;matrix-construct/matrix-rust-sdk;41449d2cc360e347f5d4e1c154ec1e3185f11acd;crates/matrix-sdk-crypto/src/gossiping/machine.rs;ZONA_INCERTEZA;ZONA_INCERTEZA;0.556;CONFIRMED_PATCHED;0.8;False;15;12;3;evidencias_gt_dissertacao/CVE-2022-39252/matrix-construct_matrix-rust-sdk_41449d2c_crates_matrix-sdk-crypto_src_gossiping_machine.rs
matrix-org/matrix-rust-sdk;sdk;CVE-2025-48937;SchildiChat/matrix-rust-sdk;13c1d2048286bbabf5e7bc6b015aafee98f04d55;crates/matrix-sdk-crypto/src/machine/mod.rs;ZONA_INCERTEZA;ZONA_INCERTEZA;0.8;CONFIRMED_PATCHED;1.0;False;7;7;0;evidencias_gt_dissertacao/CVE-2025-48937/SchildiChat_matrix-rust-sdk_13c1d204_crates_matrix-sdk-crypto_src_machine_mod.rs
matrix-org/matrix-rust-sdk;sdk;CVE-2025-48937;verji/matrix-rust-sdk;13c1d2048286bbabf5e7bc6b015aafee98f04d55;crates/matrix-sdk-crypto/src/machine/mod.rs;ZONA_INCERTEZA;ZONA_INCERTEZA;0.8;CONFIRMED_PATCHED;1.0;False;7;7;0;evidencias_gt_dissertacao/CVE-2025-48937/verji_matrix-rust-sdk_13c1d204_crates_matrix-sdk-crypto_src_machine_mod.rs
matrix-org/matrix-rust-sdk;sdk;CVE-2025-48937;matrix-construct/matrix-rust-sdk;13c1d2048286bbabf5e7bc6b015aafee98f04d55;crates/matrix-sdk-crypto/src/machine/mod.rs;L2_CORRIGIDO;CORRIGIDO;0.8181;CONFIRMED_PATCHED;1.0;False;7;7;0;evidencias_gt_dissertacao/CVE-2025-48937/matrix-construct_matrix-rust-sdk_13c1d204_crates_matrix-sdk-crypto_src_machine_mod.rs
matrix-org/matrix-rust-sdk;sdk;CVE-2024-34353;SchildiChat/matrix-rust-sdk;71136e44c03c79f80d6d1a2446673bc4d53a2067;crates/matrix-sdk/src/encryption/mod.rs;ZONA_INCERTEZA;ZONA_INCERTEZA;0.5102;CONFIRMED_PATCHED;0.8667;False;15;13;2;evidencias_gt_dissertacao/CVE-2024-34353/SchildiChat_matrix-rust-sdk_71136e44_crates_matrix-sdk_src_encryption_mod.rs
matrix-org/matrix-rust-sdk;sdk;CVE-2024-34353;verji/matrix-rust-sdk;71136e44c03c79f80d6d1a2446673bc4d53a2067;crates/matrix-sdk/src/encryption/mod.rs;ZONA_INCERTEZA;ZONA_INCERTEZA;0.5102;CONFIRMED_PATCHED;0.8667;False;15;13;2;evidencias_gt_dissertacao/CVE-2024-34353/verji_matrix-rust-sdk_71136e44_crates_matrix-sdk_src_encryption_mod.rs
matrix-org/matrix-rust-sdk;sdk;CVE-2024-34353;matrix-construct/matrix-rust-sdk;71136e44c03c79f80d6d1a2446673bc4d53a2067;crates/matrix-sdk/src/encryption/mod.rs;ZONA_INCERTEZA;ZONA_INCERTEZA;0.5103;CONFIRMED_PATCHED;0.8667;False;15;13;2;evidencias_gt_dissertacao/CVE-2024-34353/matrix-construct_matrix-rust-sdk_71136e44_crates_matrix-sdk_src_encryption_mod.rs
matrix-org/matrix-appservice-irc;bridge;CVE-2023-38690;oI0ck/matrix-appservice-irc;0afb064635d37e039067b5b3d6423448b93026d3;src/irc/BridgedClient.ts;L2_CORRIGIDO;CORRIGIDO;0.9961;CONFIRMED_PATCHED;1.0;False;1;1;0;evidencias_gt_dissertacao/CVE-2023-38690/oI0ck_matrix-appservice-irc_0afb0646_src_irc_BridgedClient.ts
matrix-org/matrix-appservice-irc;bridge;CVE-2023-38690;jamesjen/matrix-appservice-irc;0afb064635d37e039067b5b3d6423448b93026d3;src/irc/BridgedClient.ts;L2_CORRIGIDO;CORRIGIDO;0.9961;CONFIRMED_PATCHED;1.0;False;1;1;0;evidencias_gt_dissertacao/CVE-2023-38690/jamesjen_matrix-appservice-irc_0afb0646_src_irc_BridgedClient.ts
matrix-org/matrix-appservice-irc;bridge;CVE-2023-38700;oI0ck/matrix-appservice-irc;8bbd2b69a16cbcbeffdd9b5c973fd89d61498d75;src/bridge/MatrixHandler.ts;L2_CORRIGIDO;CORRIGIDO;0.9561;CONFIRMED_PATCHED;1.0;False;15;15;0;evidencias_gt_dissertacao/CVE-2023-38700/oI0ck_matrix-appservice-irc_8bbd2b69_src_bridge_MatrixHandler.ts
matrix-org/matrix-appservice-irc;bridge;CVE-2023-38700;jamesjen/matrix-appservice-irc;8bbd2b69a16cbcbeffdd9b5c973fd89d61498d75;src/bridge/MatrixHandler.ts;L2_CORRIGIDO;CORRIGIDO;0.9561;CONFIRMED_PATCHED;1.0;False;15;15;0;evidencias_gt_dissertacao/CVE-2023-38700/jamesjen_matrix-appservice-irc_8bbd2b69_src_bridge_MatrixHandler.ts
matrix-org/matrix-appservice-irc;bridge;CVE-2024-39691;oI0ck/matrix-appservice-irc;1835e047f269001054be4c68867797aa12372a0f;src/bridge/MatrixHandler.ts;L2_CORRIGIDO;CORRIGIDO;0.9942;CONFIRMED_PATCHED;1.0;False;1;1;0;evidencias_gt_dissertacao/CVE-2024-39691/oI0ck_matrix-appservice-irc_1835e047_src_bridge_MatrixHandler.ts
matrix-org/matrix-appservice-irc;bridge;CVE-2024-39691;jamesjen/matrix-appservice-irc;1835e047f269001054be4c68867797aa12372a0f;src/bridge/MatrixHandler.ts;L2_CORRIGIDO;CORRIGIDO;0.9942;CONFIRMED_PATCHED;1.0;False;1;1;0;evidencias_gt_dissertacao/CVE-2024-39691/jamesjen_matrix-appservice-irc_1835e047_src_bridge_MatrixHandler.ts
matrix-org/matrix-appservice-irc;bridge;CVE-2024-52505;oI0ck/matrix-appservice-irc;4a024eae1a992b1ea67e71a998e0b833b54221e2;src/provisioning/Schema.ts;L2_CORRIGIDO;CORRIGIDO;0.9944;CONFIRMED_PATCHED;1.0;False;1;1;0;evidencias_gt_dissertacao/CVE-2024-52505/oI0ck_matrix-appservice-irc_4a024eae_src_provisioning_Schema.ts
matrix-org/matrix-appservice-irc;bridge;CVE-2024-52505;jamesjen/matrix-appservice-irc;4a024eae1a992b1ea67e71a998e0b833b54221e2;src/provisioning/Schema.ts;L2_CORRIGIDO;CORRIGIDO;0.9944;CONFIRMED_PATCHED;1.0;False;1;1;0;evidencias_gt_dissertacao/CVE-2024-52505/jamesjen_matrix-appservice-irc_4a024eae_src_provisioning_Schema.ts
matrix-org/matrix-appservice-irc;bridge;CVE-2025-27146;oI0ck/matrix-appservice-irc;74f02c8e11f16ed1b355700092c1aa9c036a11bd;src/irc/BridgedClient.ts;L1_SHA;CORRIGIDO;1.0;CONFIRMED_PATCHED;1.0;False;0;0;0;
matrix-org/matrix-appservice-irc;bridge;CVE-2025-27146;jamesjen/matrix-appservice-irc;74f02c8e11f16ed1b355700092c1aa9c036a11bd;src/irc/BridgedClient.ts;L1_SHA;CORRIGIDO;1.0;CONFIRMED_PATCHED;1.0;False;0;0;0;
matrix-org/matrix-hookshot;integration;CVE-2025-23197;maladesov/matrix-hookshot;e51d8210233ac759e7f7dfebc2c4f1bf6ce94802;src/github/GithubInstance.ts;L2_CORRIGIDO;CORRIGIDO;0.9502;CONFIRMED_PATCHED;1.0;False;7;7;0;evidencias_gt_dissertacao/CVE-2025-23197/maladesov_matrix-hookshot_e51d8210_src_github_GithubInstance.ts
matrix-org/matrix-hookshot;integration;CVE-2025-23197;yncyrydybyl/matrix-hookshot;e51d8210233ac759e7f7dfebc2c4f1bf6ce94802;src/github/GithubInstance.ts;L2_CORRIGIDO;CORRIGIDO;0.9502;CONFIRMED_PATCHED;1.0;False;7;7;0;evidencias_gt_dissertacao/CVE-2025-23197/yncyrydybyl_matrix-hookshot_e51d8210_src_github_GithubInstance.ts
matrix-org/matrix-hookshot;integration;CVE-2025-23197;Rath-debug/matrix-hookshot;e51d8210233ac759e7f7dfebc2c4f1bf6ce94802;src/github/GithubInstance.ts;L2_CORRIGIDO;CORRIGIDO;0.9502;CONFIRMED_PATCHED;1.0;False;7;7;0;evidencias_gt_dissertacao/CVE-2025-23197/Rath-debug_matrix-hookshot_e51d8210_src_github_GithubInstance.ts
matrix-org/matrix-hookshot;integration;CVE-2023-43656;maladesov/matrix-hookshot;dc126afa6af86d66aefcd23a825326f405bcc894;src/Connections/GenericHook.ts;ZONA_INCERTEZA;ZONA_INCERTEZA;0.5136;AMBIGUOUS;0.3333;False;15;5;10;evidencias_gt_dissertacao/CVE-2023-43656/maladesov_matrix-hookshot_dc126afa_src_Connections_GenericHook.ts
matrix-org/matrix-hookshot;integration;CVE-2023-43656;yncyrydybyl/matrix-hookshot;dc126afa6af86d66aefcd23a825326f405bcc894;src/Connections/GenericHook.ts;ZONA_INCERTEZA;ZONA_INCERTEZA;0.5457;AMBIGUOUS;0.3333;False;15;5;10;evidencias_gt_dissertacao/CVE-2023-43656/yncyrydybyl_matrix-hookshot_dc126afa_src_Connections_GenericHook.ts
matrix-org/matrix-hookshot;integration;CVE-2023-43656;Rath-debug/matrix-hookshot;dc126afa6af86d66aefcd23a825326f405bcc894;src/Connections/GenericHook.ts;ZONA_INCERTEZA;ZONA_INCERTEZA;0.5457;AMBIGUOUS;0.3333;False;15;5;10;evidencias_gt_dissertacao/CVE-2023-43656/Rath-debug_matrix-hookshot_dc126afa_src_Connections_GenericHook.ts
